case,seed,mode,t,C_re,C_im
gain_half,131,1,5.0,0.9554031100512471,-0.026479005879439778
gain_half,131,1,10.0,0.9121668376685165,-0.05134290605839234
gain_half,131,1,15.0,0.8714134999684275,-0.07442428223770847
gain_half,131,1,20.0,0.8312865182284606,-0.09453889216411444
gain_half,131,1,25.0,0.7899006296848273,-0.11247188228871151
gain_half,131,1,30.0,0.7514358207385864,-0.1275389493050957
gain_half,131,1,35.0,0.7117641342178234,-0.14136023141479628
gain_half,131,1,40.0,0.6756955243882645,-0.15408491565706575
gain_half,131,1,45.0,0.6429018960320165,-0.1645426892658478
gain_half,131,1,50.0,0.6116764544738603,-0.1753208375138886
gain_half,131,1,55.0,0.5801943767269918,-0.18350229117296563
gain_half,131,1,60.0,0.5487152634338219,-0.19026971174252974
gain_half,131,1,65.0,0.5186778364932415,-0.19582466450760871
gain_half,131,1,70.0,0.4908456052062144,-0.20035606150023516
gain_half,131,1,75.0,0.46369790822270873,-0.20304989019709535
gain_half,131,1,80.0,0.43657304630305893,-0.20532567922974373
gain_half,131,1,85.0,0.41154572457632055,-0.20681638286891582
gain_half,131,1,90.0,0.38684355926326486,-0.20672278436278912
gain_half,131,1,95.0,0.3645773617406928,-0.20777963335614694
gain_half,131,1,100.0,0.3414573265388246,-0.2080587664783842
gain_half,131,1,105.0,0.31902693047737046,-0.20622482208768345
gain_half,131,1,110.0,0.29874798338976055,-0.20518624612964623
gain_half,131,1,115.0,0.2819697997242478,-0.20436797845712662
gain_half,262,1,5.0,0.9592997077674045,-0.023237917746264006
gain_half,262,1,10.0,0.9183632667857122,-0.04470350062249987
gain_half,262,1,15.0,0.8794821752399975,-0.06516705163605757
gain_half,262,1,20.0,0.8426414965316279,-0.08504965931790576
gain_half,262,1,25.0,0.8065174993841648,-0.10475352941958997
gain_half,262,1,30.0,0.7696824893613353,-0.12197590851378957
gain_half,262,1,35.0,0.7346913999068277,-0.13627444692804846
gain_half,262,1,40.0,0.701161723281727,-0.1495553910132219
gain_half,262,1,45.0,0.6671122602422588,-0.16142710094848028
gain_half,262,1,50.0,0.6345367751579112,-0.17187260431850665
gain_half,262,1,55.0,0.6038494663765495,-0.18143610002367694
gain_half,262,1,60.0,0.573362771181557,-0.19036994405576885
gain_half,262,1,65.0,0.5438472141800781,-0.1992566795433586
gain_half,262,1,70.0,0.5160649560557844,-0.20754186079852352
gain_half,262,1,75.0,0.4913691986922175,-0.21591333385332842
gain_half,262,1,80.0,0.46601208536832706,-0.2233181367891736
gain_half,262,1,85.0,0.4401633862731822,-0.22990482332171627
gain_half,262,1,90.0,0.4137927109703854,-0.23530865809474666
gain_half,262,1,95.0,0.38906426858933046,-0.23922175975671917
gain_half,262,1,100.0,0.3666001215052494,-0.24232061645210604
gain_half,262,1,105.0,0.3436730547818424,-0.24669809290166644
gain_half,262,1,110.0,0.32149824010141403,-0.25037559601258885
gain_half,262,1,115.0,0.29951074574020764,-0.25314897213147436
gain_half,393,1,5.0,0.9500208919762503,-0.02253565814678273
gain_half,393,1,10.0,0.9050570136998866,-0.03930197211988436
gain_half,393,1,15.0,0.8610811081653222,-0.053671051870323706
gain_half,393,1,20.0,0.8206283491393626,-0.06641870248182097
gain_half,393,1,25.0,0.7805484905535269,-0.07700715421726942
gain_half,393,1,30.0,0.7420072425285945,-0.08675645526763467
gain_half,393,1,35.0,0.7033462573453407,-0.09411762898416214
gain_half,393,1,40.0,0.6676077827597414,-0.09912573923247264
gain_half,393,1,45.0,0.6351789015452521,-0.10350591974444694
gain_half,393,1,50.0,0.6051543701598957,-0.1063658724470842
gain_half,393,1,55.0,0.5764794189709647,-0.10996473386442543
gain_half,393,1,60.0,0.5462599663724003,-0.11130159500535441
gain_half,393,1,65.0,0.5178480689648567,-0.11246292925626564
gain_half,393,1,70.0,0.4914026192065139,-0.11444921699742036
gain_half,393,1,75.0,0.46793211055918327,-0.11425451568100496
gain_half,393,1,80.0,0.4416038217514746,-0.11336351099665463
gain_half,393,1,85.0,0.41700228607295997,-0.11139505926665659
gain_half,393,1,90.0,0.39310625690688034,-0.10884863997441566
gain_half,393,1,95.0,0.37211435791955916,-0.10597413905536407
gain_half,393,1,100.0,0.3522547291314748,-0.10280283382577926
gain_half,393,1,105.0,0.33433678119026977,-0.10058349799562828
gain_half,393,1,110.0,0.31481080645430126,-0.09650221015385106
gain_half,393,1,115.0,0.2975013086785619,-0.09337763505855692
gain_half,131,2,5.0,0.9591845164978167,-0.05268117049496946
gain_half,131,2,10.0,0.9172619388334952,-0.10113363775577137
gain_half,131,2,15.0,0.875317577976224,-0.14506366444966093
gain_half,131,2,20.0,0.8306261824994922,-0.18752805017959426
gain_half,131,2,25.0,0.7832093452539989,-0.225559012239312
gain_half,131,2,30.0,0.7358023157107504,-0.2586103211800457
gain_half,131,2,35.0,0.6888178231607416,-0.28650353883946833
gain_half,131,2,40.0,0.6422131683968462,-0.31169794103090126
gain_half,131,2,45.0,0.5965044369643427,-0.3344553750820642
gain_half,131,2,50.0,0.5509160559127303,-0.3517960193694459
gain_half,131,2,55.0,0.5067656435307775,-0.3658759343121026
gain_half,131,2,60.0,0.4636115468744198,-0.37574550048556493
gain_half,131,2,65.0,0.4209581550189139,-0.3821493542699671
gain_half,131,2,70.0,0.3782014239754618,-0.38794113984373413
gain_half,131,2,75.0,0.3387483831271214,-0.3904126201099318
gain_half,131,2,80.0,0.303081104042379,-0.3911644109213026
gain_half,131,2,85.0,0.2677574776040933,-0.3896099549390376
gain_half,131,2,90.0,0.2342635653493658,-0.3868990745939679
gain_half,131,2,95.0,0.2019151792579223,-0.3825394594346217
gain_half,131,2,100.0,0.17094293738073396,-0.375189290351674
gain_half,131,2,105.0,0.14229005449148566,-0.36567861744341174
gain_half,131,2,110.0,0.11459659932174127,-0.3543680769413201
gain_half,131,2,115.0,0.0888338388147411,-0.3438094010522688
gain_half,262,2,5.0,0.9600288603567055,-0.04587500298273794
gain_half,262,2,10.0,0.9193525553358701,-0.08932533870999487
gain_half,262,2,15.0,0.8791365882199426,-0.12982301544643002
gain_half,262,2,20.0,0.8357638527945745,-0.16686970057945005
gain_half,262,2,25.0,0.7926910830679933,-0.200323273562692
gain_half,262,2,30.0,0.7488203534383215,-0.22966530667394222
gain_half,262,2,35.0,0.7065984074240915,-0.2562349146600361
gain_half,262,2,40.0,0.6642015929465803,-0.2803206771226731
gain_half,262,2,45.0,0.6236105132222101,-0.2993461386500862
gain_half,262,2,50.0,0.583072622482008,-0.31583332128611935
gain_half,262,2,55.0,0.5433340080083625,-0.3311660574789017
gain_half,262,2,60.0,0.5045160767827435,-0.34288773939925965
gain_half,262,2,65.0,0.4660636708640627,-0.35245156492127105
gain_half,262,2,70.0,0.4311822646827798,-0.3598996380234066
gain_half,262,2,75.0,0.39892786747109105,-0.36449102263913985
gain_half,262,2,80.0,0.3684710977093348,-0.3672430365657735
gain_half,262,2,85.0,0.33975240989606825,-0.3681812460463473
gain_half,262,2,90.0,0.3114606346304411,-0.36890452294291903
gain_half,262,2,95.0,0.28420621380955646,-0.3684467155150935
gain_half,262,2,100.0,0.2575639902578847,-0.367392787259754
gain_half,262,2,105.0,0.23145638724790024,-0.36636603663437917
gain_half,262,2,110.0,0.20632880073155502,-0.36421042339865084
gain_half,262,2,115.0,0.18259030910159393,-0.3614979501108146
gain_half,393,2,5.0,0.9588509205446818,-0.045230089839301074
gain_half,393,2,10.0,0.9170306343323614,-0.08708919306970474
gain_half,393,2,15.0,0.875709771887913,-0.1261823949523327
gain_half,393,2,20.0,0.8346125331364893,-0.16049906716981424
gain_half,393,2,25.0,0.7948760150549501,-0.1910066275421768
gain_half,393,2,30.0,0.7552742212747094,-0.2181200945662727
gain_half,393,2,35.0,0.7159786610200868,-0.23880143298342044
gain_half,393,2,40.0,0.6771401049833756,-0.2566791669745177
gain_half,393,2,45.0,0.6398966299963377,-0.2719178317091507
gain_half,393,2,50.0,0.6059643322536894,-0.28555992392591784
gain_half,393,2,55.0,0.572039772513693,-0.29683532888644115
gain_half,393,2,60.0,0.5388998538313114,-0.3076244309701702
gain_half,393,2,65.0,0.5051097694593149,-0.31585095928547136
gain_half,393,2,70.0,0.4732799827374641,-0.3228493475398531
gain_half,393,2,75.0,0.4428518492064195,-0.3287027108273015
gain_half,393,2,80.0,0.4142525935490614,-0.3337974390084213
gain_half,393,2,85.0,0.3875119780300313,-0.3368697867408717
gain_half,393,2,90.0,0.36053549884633473,-0.3383096625731938
gain_half,393,2,95.0,0.33646776802135164,-0.3390946440127457
gain_half,393,2,100.0,0.31330958060200365,-0.3399087813941606
gain_half,393,2,105.0,0.2908841688427728,-0.34071482983068857
gain_half,393,2,110.0,0.269450913659042,-0.3409099858811874
gain_half,393,2,115.0,0.24899782416534527,-0.3414878131527781
baseline,131,1,5.0,0.9166551572424235,-0.02649270341957217
baseline,131,1,10.0,0.8384907021794319,-0.05038098178095417
baseline,131,1,15.0,0.7674544760300706,-0.06883764963313614
baseline,131,1,20.0,0.7042506233844724,-0.0849868066147989
baseline,131,1,25.0,0.6382935506800173,-0.09620334808298943
baseline,131,1,30.0,0.5781922157965791,-0.10245063327081885
baseline,131,1,35.0,0.5219253587796279,-0.107787630171819
baseline,131,1,40.0,0.47157295979128483,-0.11213027995668576
baseline,131,1,45.0,0.42624807847261015,-0.11529536862768802
baseline,131,1,50.0,0.3865812193921375,-0.11762126852456181
baseline,131,1,55.0,0.34697846628251006,-0.11711648374474788
baseline,262,1,5.0,0.9253619811465937,-0.01724545940753267
baseline,262,1,10.0,0.8553358238024078,-0.03214190467289035
baseline,262,1,15.0,0.7911657329747637,-0.04606502374865347
baseline,262,1,20.0,0.7327145708709489,-0.05716954213346918
baseline,262,1,25.0,0.681291082654992,-0.06761370104495067
baseline,262,1,30.0,0.6322458403698769,-0.07413771482565448
baseline,262,1,35.0,0.5890246184854854,-0.07986996369818802
baseline,262,1,40.0,0.5509306662013854,-0.08381951757430511
baseline,262,1,45.0,0.5145483274624087,-0.08704935003432726
baseline,262,1,50.0,0.480880270827326,-0.08950326001491266
baseline,262,1,55.0,0.44848770455817194,-0.09298430426170975
baseline,393,1,5.0,0.9078482574531073,-0.023529458081801968
baseline,393,1,10.0,0.8261627782908729,-0.04068141995437624
baseline,393,1,15.0,0.7512619684820789,-0.055485214834483265
baseline,393,1,20.0,0.6858933496887378,-0.0661031104972786
baseline,393,1,25.0,0.626580471290364,-0.07354139852938467
baseline,393,1,30.0,0.5707792516697701,-0.07728676833965238
baseline,393,1,35.0,0.5176258683364098,-0.07605737431448642
baseline,393,1,40.0,0.4705273256969626,-0.07289896462083532
baseline,393,1,45.0,0.4289186011310446,-0.06898704134683677
baseline,393,1,50.0,0.3933796486214502,-0.06285235635733795
baseline,393,1,55.0,0.36247092721962826,-0.059079639872498306
baseline,131,2,5.0,0.910960238546746,-0.04368598290752486
baseline,131,2,10.0,0.8298085706076495,-0.08226161689266208
baseline,131,2,15.0,0.7538956524254236,-0.11220061071015541
baseline,131,2,20.0,0.6842906138746325,-0.1382648230495729
baseline,131,2,25.0,0.617912463730598,-0.15769498709480265
baseline,131,2,30.0,0.5591277459276317,-0.16944728769668654
baseline,131,2,35.0,0.5018397293825273,-0.17529047510646703
baseline,131,2,40.0,0.45170526443575754,-0.1789297462065864
baseline,131,2,45.0,0.40820582186428456,-0.179518979287203
baseline,131,2,50.0,0.3712935488725697,-0.17878590951278173
baseline,131,2,55.0,0.33677796128669035,-0.17795802437911273
baseline,262,2,5.0,0.9164083079188865,-0.041260976544949715
baseline,262,2,10.0,0.8371894152775502,-0.07845406701709708
baseline,262,2,15.0,0.763400243869134,-0.11122666690388834
baseline,262,2,20.0,0.6917002197818231,-0.13767089239193367
baseline,262,2,25.0,0.6253073903584598,-0.15746160825873298
baseline,262,2,30.0,0.5639959168891416,-0.17665615694762685
baseline,262,2,35.0,0.5043431931403477,-0.19182340472541354
baseline,262,2,40.0,0.44795619718218055,-0.20328039497718275
baseline,262,2,45.0,0.394307869476125,-0.21116986314893826
baseline,262,2,50.0,0.3450936858214199,-0.21681557914996133
baseline,262,2,55.0,0.29985352490153205,-0.21979708570547846
baseline,393,2,5.0,0.9080254239946984,-0.04211177239124372
baseline,393,2,10.0,0.8216610210868134,-0.07394851361223131
baseline,393,2,15.0,0.7462982637351391,-0.10294652998926004
baseline,393,2,20.0,0.6768149102648212,-0.12324827068718007
baseline,393,2,25.0,0.6167380905043868,-0.13745201358021325
baseline,393,2,30.0,0.5620223451209586,-0.15112918722045776
baseline,393,2,35.0,0.5121585347157115,-0.1611041797938568
baseline,393,2,40.0,0.46595788137815225,-0.167280586285203
baseline,393,2,45.0,0.4223615704694621,-0.1719154359465254
baseline,393,2,50.0,0.37882934886219993,-0.17638928435078005
baseline,393,2,55.0,0.33794123921680025,-0.17861637745339956
gain_double,131,1,5.0,0.8444138820382727,-0.019551808312733673
gain_double,131,1,10.0,0.7114936907024304,-0.0382914886135931
gain_double,131,1,15.0,0.6039113783581126,-0.05365979100746239
gain_double,131,1,20.0,0.5120803077486752,-0.06298135400617817
gain_double,131,1,25.0,0.4262220324655387,-0.06842491794705374
gain_double,262,1,5.0,0.8375206707733983,-0.017761714030260816
gain_double,262,1,10.0,0.7012781255913612,-0.028993985483409472
gain_double,262,1,15.0,0.5880437204232852,-0.03456197646689388
gain_double,262,1,20.0,0.49368123261976254,-0.043056870787703226
gain_double,262,1,25.0,0.41102462472657386,-0.04971017582161329
gain_double,393,1,5.0,0.8345828228309601,-0.019966710995209278
gain_double,393,1,10.0,0.7017561280448025,-0.02697820861799538
gain_double,393,1,15.0,0.5860721274875023,-0.03133125191166898
gain_double,393,1,20.0,0.4928458169497926,-0.03874153861017025
gain_double,393,1,25.0,0.41827407424619495,-0.04652771922465385
gain_double,131,2,5.0,0.8392516205570192,-0.0473530311879277
gain_double,131,2,10.0,0.7009437036882351,-0.0808309553811078
gain_double,131,2,15.0,0.582410789039183,-0.10276467290095108
gain_double,131,2,20.0,0.4829448094550662,-0.11674467550591845
gain_double,131,2,25.0,0.40003972638566243,-0.12532325599461114
gain_double,262,2,5.0,0.8403667526955844,-0.02996015893483303
gain_double,262,2,10.0,0.7053477108030688,-0.05999993534677311
gain_double,262,2,15.0,0.5842001560025926,-0.08099396963763776
gain_double,262,2,20.0,0.48211902949450436,-0.09643849518395704
gain_double,262,2,25.0,0.4021154954250041,-0.10174140631674472
gain_double,393,2,5.0,0.8336142486095153,-0.04843399484360914
gain_double,393,2,10.0,0.6964552147192378,-0.07870346289357295
gain_double,393,2,15.0,0.5846958168575453,-0.10317244339313307
gain_double,393,2,20.0,0.48872982470101645,-0.11496306903733436
gain_double,393,2,25.0,0.4119453990356383,-0.12410315510308675
zero_flow,131,1,5.0,0.9157190786527124,-0.004245390941004568
zero_flow,131,1,10.0,0.8382374007640888,-0.008220071033689982
zero_flow,131,1,15.0,0.7691056345258244,-0.012873106118120214
zero_flow,131,1,20.0,0.7068291942726805,-0.016159776951872686
zero_flow,131,1,25.0,0.6460713193799045,-0.015527604451219717
zero_flow,131,1,30.0,0.5911511950819537,-0.01102138595046641
zero_flow,131,1,35.0,0.5416399584994505,-0.009256893985671857
zero_flow,131,1,40.0,0.49708568758910315,-0.00641363195261217
zero_flow,131,1,45.0,0.45551302825636736,-0.0036110966164885835
zero_flow,131,1,50.0,0.41962406587306683,-0.0027984396489979827
zero_flow,131,1,55.0,0.3844869766955178,-0.0029336591249748455
zero_flow,262,1,5.0,0.9189820468010449,0.003705709209358582
zero_flow,262,1,10.0,0.8427697383857994,0.005682377524439988
zero_flow,262,1,15.0,0.7739161055826412,0.00624738284604397
zero_flow,262,1,20.0,0.7116047348459508,0.004041873146732708
zero_flow,262,1,25.0,0.656710624362216,-0.0008907062509060123
zero_flow,262,1,30.0,0.6078617227417816,-0.0028027694637635585
zero_flow,262,1,35.0,0.5661560315148073,-0.0020248906353080975
zero_flow,262,1,40.0,0.5303529702411186,-8.313039033865021e-05
zero_flow,262,1,45.0,0.4954371670178655,-0.0006483591587689657
zero_flow,262,1,50.0,0.4601424487722902,-0.0015945544816631893
zero_flow,262,1,55.0,0.42821603359490235,-0.001128399170348174
zero_flow,393,1,5.0,0.9076463527242699,-0.0013495520388627088
zero_flow,393,1,10.0,0.82682790398067,-0.0007211364716564229
zero_flow,393,1,15.0,0.7509581006396319,0.0023003258345867025
zero_flow,393,1,20.0,0.6847407835929006,0.0018259145886934695
zero_flow,393,1,25.0,0.6231951552589956,0.0016968883291973542
zero_flow,393,1,30.0,0.5670595751203448,0.0017741876128424784
zero_flow,393,1,35.0,0.5108485300256853,0.0023898457756539614
zero_flow,393,1,40.0,0.4634044210557068,0.004138303857132451
zero_flow,393,1,45.0,0.4211419815319047,0.00501242232840218
zero_flow,393,1,50.0,0.3838583843668487,0.006207351421134665
zero_flow,393,1,55.0,0.3542301410106391,0.005149687165077419
zero_flow,131,2,5.0,0.915430770485088,-0.0029150928894647976
zero_flow,131,2,10.0,0.8380327549847485,-0.004492864767774963
zero_flow,131,2,15.0,0.7654640882426021,0.0002078572820454663
zero_flow,131,2,20.0,0.7029946998985318,0.004303939764040506
zero_flow,131,2,25.0,0.6441071470624181,0.00907865504237021
zero_flow,131,2,30.0,0.5891526565161642,0.015369951973847776
zero_flow,131,2,35.0,0.5380782858098863,0.019169125043145368
zero_flow,131,2,40.0,0.49102056314676734,0.01784263435706821
zero_flow,131,2,45.0,0.4478209838906243,0.012261276874152238
zero_flow,131,2,50.0,0.40974747120347266,0.011340673832422779
zero_flow,131,2,55.0,0.37363994169654197,0.013985193832164919
zero_flow,262,2,5.0,0.9122256858389438,0.006005991414786986
zero_flow,262,2,10.0,0.8315797205442049,0.008842153063103285
zero_flow,262,2,15.0,0.7572378482626928,0.011783219758633463
zero_flow,262,2,20.0,0.6850520419865316,0.011530852569951828
zero_flow,262,2,25.0,0.6185439161695645,0.014565758484523192
zero_flow,262,2,30.0,0.5580024574582892,0.016759842458461984
zero_flow,262,2,35.0,0.5036258846323818,0.020891802841480317
zero_flow,262,2,40.0,0.4536195995317272,0.024269819279955984
zero_flow,262,2,45.0,0.40888207991072784,0.029222582949010232
zero_flow,262,2,50.0,0.3702380792405651,0.030182324128873728
zero_flow,262,2,55.0,0.33352061284984735,0.030449593376342725
zero_flow,393,2,5.0,0.918730341802641,0.006080984907350102
zero_flow,393,2,10.0,0.8448182336674637,0.013154567443462047
zero_flow,393,2,15.0,0.7779439196704263,0.01896124195656556
zero_flow,393,2,20.0,0.7169138762999533,0.02294664087772225
zero_flow,393,2,25.0,0.6616907008534059,0.027937454896643142
zero_flow,393,2,30.0,0.6088563767489825,0.0307834314968539
zero_flow,393,2,35.0,0.562266505755589,0.03675551992395709
zero_flow,393,2,40.0,0.5192966558433315,0.040763511369099774
zero_flow,393,2,45.0,0.48127991673289844,0.04381672049293665
zero_flow,393,2,50.0,0.445017839639328,0.04347545151599119
zero_flow,393,2,55.0,0.41168308743632737,0.04421958583087602
update_2s,131,1,5.0,0.9159170945981265,-0.02068801073788994
update_2s,131,1,10.0,0.8387271281637182,-0.0415430711599814
update_2s,131,1,15.0,0.7697474695509414,-0.05693033789320729
update_2s,131,1,20.0,0.7081378919841255,-0.06856009676131977
update_2s,131,1,25.0,0.6466843027846453,-0.07463480200462787
update_2s,131,1,30.0,0.5883868605414573,-0.07816642914161469
update_2s,131,1,35.0,0.5317669669926416,-0.07967269017451221
update_2s,131,1,40.0,0.4809241507732379,-0.08173471395371495
update_2s,131,1,45.0,0.43809951163947597,-0.08156447411047217
update_2s,131,1,50.0,0.39819926383836324,-0.08172798602673732
update_2s,131,1,55.0,0.35873386490429493,-0.08068092827090294
update_2s,262,1,5.0,0.9224928883926092,-0.017325735963648625
update_2s,262,1,10.0,0.8500927253878712,-0.031461770172453746
update_2s,262,1,15.0,0.7836143518733647,-0.044832097711650885
update_2s,262,1,20.0,0.7211301151451271,-0.05746245154191075
update_2s,262,1,25.0,0.6623508022425693,-0.0712248062111704
update_2s,262,1,30.0,0.6080417211440117,-0.08179376864383019
update_2s,262,1,35.0,0.5603960715346703,-0.08989671698802115
update_2s,262,1,40.0,0.5178606734606148,-0.0953829553912987
update_2s,262,1,45.0,0.47866133057280724,-0.10143809379780722
update_2s,262,1,50.0,0.44202877663633067,-0.10626173461207965
update_2s,262,1,55.0,0.40929802353958306,-0.1098520992132232
update_2s,393,1,5.0,0.910749229287967,-0.017806252804611466
update_2s,393,1,10.0,0.8304335372069042,-0.028060970660922252
update_2s,393,1,15.0,0.7544114525557837,-0.03494608785380061
update_2s,393,1,20.0,0.6899174395196048,-0.04058403451289887
update_2s,393,1,25.0,0.6318738970457676,-0.04571985523554319
update_2s,393,1,30.0,0.5778434751714839,-0.05143900167985448
update_2s,393,1,35.0,0.5265706974385594,-0.05346537458652754
update_2s,393,1,40.0,0.4828664393809245,-0.052975251826146645
update_2s,393,1,45.0,0.4429591964154218,-0.05204472684830436
update_2s,393,1,50.0,0.40779672533262623,-0.05080377921417752
update_2s,393,1,55.0,0.37819846547672475,-0.05141121933137946
update_2s,131,2,5.0,0.9195398132386414,-0.04593272864219507
update_2s,131,2,10.0,0.8451573980117588,-0.08516289255257545
update_2s,131,2,15.0,0.7746760476571015,-0.11677748233709123
update_2s,131,2,20.0,0.7113691651255536,-0.1420771738816663
update_2s,131,2,25.0,0.6521959719293667,-0.1620986585020319
update_2s,131,2,30.0,0.5980560417962663,-0.1736621892917693
update_2s,131,2,35.0,0.544617070169765,-0.18046749742915985
update_2s,131,2,40.0,0.49173385139532655,-0.18462627141457122
update_2s,131,2,45.0,0.4446430590835104,-0.18888673698886035
update_2s,131,2,50.0,0.40393625617243867,-0.1930055178708694
update_2s,131,2,55.0,0.36630419035212863,-0.19626196880063523
update_2s,262,2,5.0,0.9156687956834345,-0.04065629205326677
update_2s,262,2,10.0,0.8366907037309087,-0.07400523743001632
update_2s,262,2,15.0,0.7642715754633546,-0.09992634880343065
update_2s,262,2,20.0,0.6966806481736466,-0.12329525444671124
update_2s,262,2,25.0,0.6348635696269321,-0.14139343160847873
update_2s,262,2,30.0,0.5787964327184828,-0.15617707216243865
update_2s,262,2,35.0,0.5274697838650011,-0.16891000796555497
update_2s,262,2,40.0,0.48005170271767195,-0.18016167241031347
update_2s,262,2,45.0,0.43740224820467627,-0.1873164291127818
update_2s,262,2,50.0,0.3981578717701546,-0.1927992540951265
update_2s,262,2,55.0,0.3621559206017875,-0.19784893241588192
update_2s,393,2,5.0,0.9146568453640341,-0.04218139056292111
update_2s,393,2,10.0,0.835541159537854,-0.0789552574949852
update_2s,393,2,15.0,0.7626719742983359,-0.11342822058034352
update_2s,393,2,20.0,0.6920845786412717,-0.13772718649306004
update_2s,393,2,25.0,0.6290157174996449,-0.1553543901433124
update_2s,393,2,30.0,0.5677733824505063,-0.1713857238422868
update_2s,393,2,35.0,0.5086961764259039,-0.1818942927941777
update_2s,393,2,40.0,0.45063221575392987,-0.18844081025078463
update_2s,393,2,45.0,0.40026438120050123,-0.19078213104061365
update_2s,393,2,50.0,0.35704946379112934,-0.1901251959272351
update_2s,393,2,55.0,0.3157528613218471,-0.18630767534052825
