Lc,alpha_first_half,SEM_first_half,alpha_second_half,SEM_second_half,alpha_difference,power_IAT_max_seconds
128,0.6911778203313699,0.02202884182411035,0.7644784617432638,0.050490259235026834,0.07330064141189396,48.39084948454741
256,1.2306807434362619,0.050679290114771965,1.2628326887122423,0.06757269189924323,0.03215194527598042,66.96668524110008
384,1.6066215630158416,0.024658253345558344,1.5700874316522275,0.060277271480407485,-0.03653413136361405,60.75002810948238
512,1.7282591266185539,0.0088085510461212,1.7435379394460393,0.029826199255158045,0.015278812827485444,63.40441820520621
640,1.8341076124462878,0.039986389459436826,1.7631339209486654,0.03086644350953416,-0.07097369149762245,61.639009194515275
768,1.8762951452309784,0.019115581055097093,1.8731525140967529,0.017191708670676938,-0.0031426311342255264,70.1102741343218
1024,1.9446866425847589,0.018897940329745674,1.9390377396319134,0.012755428781717199,-0.00564890295284548,66.65904557705684
2048,2.0144081564991563,0.011670548463433452,1.964922776067452,0.010639052619103043,-0.04948538043170436,74.86365433691797
4096,2.008358976188969,0.023278138664127944,1.9922310217262342,0.00607378396375347,-0.01612795446273485,72.0470133611653
