dt,seed,block,Nmean,Fc,Fano64,common,residual,Srect1
0.02,31,all,430.5308333333333,0.43146643742777596,0.15065734117030666,0.09206074007080715,0.058596601099499504,0.05194958726819732
0.02,62,all,425.27416666666664,0.7404324122282536,0.23015134818386093,0.17097571402556327,0.05917563415829766,0.055236184202482795
0.02,93,all,432.13666666666666,0.745135129575808,0.22979083819090038,0.1711965426430804,0.058594295547819975,0.05247426570524378
0.02,124,all,432.7788888888889,0.49416175796441014,0.17016127661300157,0.11156567939571965,0.058595597217281914,0.05431203409682867
0.02,155,all,419.8888888888889,0.2713823468876933,0.11341591790959686,0.0541271191989389,0.05928879871065796,0.05095933843722698
0.02,186,all,428.41083333333336,0.3207431194354897,0.12959340371431252,0.06995862171720998,0.05963478199710254,0.05023121839681396
0.02,217,all,425.87444444444446,0.5443879187715963,0.18089924137052601,0.122210582827369,0.05868865854315701,0.05177736842027751
0.02,248,all,424.205,0.47987327274939434,0.16261259271146902,0.1046371743640355,0.05797541834743353,0.05053127241291081
0.02,279,all,422.33722222222224,0.45586571303748463,0.1695642942855991,0.11019755532430207,0.05936673896129703,0.05220403673331277
0.02,310,all,435.49666666666667,0.21421898879182105,0.09856088787883714,0.04128312344663614,0.057277764432201,0.04982138612966078
0.02,341,all,439.6813888888889,0.38505126695631997,0.13771766679088046,0.08061963272130583,0.05709803406957463,0.053554299138030344
0.02,372,all,423.5472222222222,0.32880104686098854,0.12528379737529557,0.06773755866480545,0.057546238710490125,0.04962319534436671
0.02,pooled,1,428.6778472222222,0.6035363795857293,0.1928943352429902,0.13469579416990748,0.05819854107308273,0.05187934553428474
0.02,31,1,436.7241666666667,0.7082840220785124,0.2147940698455446,0.15537186715880533,0.059422202686739284,0.05076387796284809
0.02,62,1,414.74,0.4200962852227927,0.1527681690263324,0.09249476159731568,0.06027340742901671,0.056403306031487424
0.02,93,1,436.255,0.5936397481594866,0.20351961861202938,0.14537952892391445,0.05814008968811493,0.05412537222824519
0.02,124,1,427.6425,0.8269283192152348,0.26025837058067997,0.20165536946548016,0.05860300111519981,0.054915055001216295
0.02,155,1,413.0541666666667,0.21053227314146955,0.10224168679683374,0.04475262978671427,0.057489057010119464,0.051768913498060266
0.02,186,1,426.65833333333336,0.11520521234135382,0.06982788101937348,0.014559755169411017,0.05526812584996246,0.049255242417441024
0.02,217,1,434.86083333333335,0.47589508361229216,0.16506591970139392,0.10812339950232733,0.05694252019906659,0.04763470116085958
0.02,248,1,426.5158333333333,0.5189250480476584,0.1652003133832458,0.10833085162891866,0.05686946175432715,0.04942571640299906
0.02,279,1,420.9191666666667,0.15730090529382726,0.0868589616846176,0.02979998159601815,0.05705898008859944,0.04602346964475057
0.02,310,1,435.51,0.18979258034642604,0.0923588621473252,0.0364739806910666,0.05588488145625859,0.05297158854050251
0.02,341,1,445.21666666666664,0.23828784986090917,0.105132634423643,0.048466527862029894,0.056666106561613104,0.05464347199432354
0.02,372,1,426.0375,0.45349551095852325,0.15113426761670373,0.0940429048363401,0.05709136278036363,0.04919587533571381
0.02,pooled,2,429.93638888888887,0.5048491883203297,0.17395776485231826,0.11546798858713933,0.05848977626517893,0.051238018649063626
0.02,31,2,428.69666666666666,0.20891536880521028,0.09702254382125199,0.040087089761868686,0.0569354540593833,0.05549916636039367
0.02,62,2,439.395,0.8654490265023914,0.2704723327720133,0.21235555927907712,0.0581167734929362,0.05613465661552599
0.02,93,2,431.7375,0.3955264338863017,0.14092104724358384,0.08307663499518791,0.05784441224839593,0.052520302259079533
0.02,124,2,431.255,0.24307345228849248,0.1052317725865328,0.048177582314780025,0.05705419027175277,0.053142130143940036
0.02,155,2,426.64666666666665,0.1345652660802706,0.07966861262581565,0.02232845820698104,0.05734015441883461,0.05077160849794291
0.02,186,2,432.8516666666667,0.3488100170317502,0.13830925957727774,0.0798190609238247,0.05849019865345305,0.05046197852450274
0.02,217,2,423.1025,0.3666061858532512,0.13743510933222036,0.08148329842809325,0.05595181090412711,0.04802313887339298
0.02,248,2,417.64166666666665,0.6310392016015964,0.20101077786463173,0.14157511059285885,0.05943566727177288,0.04760879500319724
0.02,279,2,417.785,0.47514975804940984,0.17292480865834114,0.11217081951375256,0.060753989144588585,0.052923363324213324
0.02,310,2,437.43416666666667,0.1087226442963308,0.07374016083149194,0.015930041231338964,0.057810119600152976,0.04840093825827737
0.02,341,2,445.5258333333333,0.23061363663293397,0.1014404232643103,0.04563882361139298,0.05580159965291732,0.04751530997248182
0.02,372,2,427.165,0.2705967054104187,0.10773124430084272,0.05245806282072321,0.055273181480119504,0.046015439415393794
0.02,pooled,3,426.4263194444444,0.45202804264107593,0.15845463526964443,0.09888997930779235,0.05956465596185208,0.05309163906852277
0.02,31,3,426.1716666666667,0.22917728119471767,0.09981207274944123,0.04231431542993814,0.057497757319503094,0.049529722705490616
0.02,62,3,421.6875,0.15870720320140352,0.07974204640216295,0.02327571932818607,0.056466327073976884,0.05227331801739742
0.02,93,3,428.4175,1.179472190289454,0.32748349354416845,0.2693779018098871,0.05810559173428137,0.04868242759178544
0.02,124,3,439.43916666666667,0.25047372724447986,0.10622090352369853,0.04773448459673099,0.05848641892696754,0.05375798736640459
0.02,155,3,419.9658333333333,0.25023781531171746,0.1055187959477842,0.04479086351904323,0.060727932428740965,0.050159791483687995
0.02,186,3,425.7225,0.4276819455943951,0.16084437056945736,0.09844848789959415,0.062395882669863206,0.050206038833199976
0.02,217,3,419.66,0.49183720154410576,0.16560619818440697,0.10344904350496213,0.06215715467944484,0.0589637241593535
0.02,248,3,428.4575,0.1384381424451496,0.07534021537663792,0.02068737154253093,0.054652843834106984,0.052971232559172625
0.02,279,3,428.3075,0.5941711124600696,0.20638129037368816,0.14817751550321495,0.05820377487047321,0.05523551210205193
0.02,310,3,433.54583333333335,0.32776134619882513,0.1250092965343827,0.06785949522794694,0.05714980130643575,0.04787742158340749
0.02,341,3,428.3016666666667,0.24461885638757455,0.10444511995185901,0.04639318108228581,0.0580519388695732,0.05701062865880934
0.02,372,3,417.43916666666667,0.1255144146086701,0.08399554930710076,0.024722116194153886,0.059273433112946874,0.053177382413436
0.01,31,all,426.4941666666667,0.4826299418579695,0.1655240409348157,0.10714256584773098,0.05838147508708473,0.052042573401605646
0.01,62,all,428.87833333333333,0.488193822127781,0.17952110299798818,0.11992504760248467,0.059596055395503514,0.05074522666386826
0.01,93,all,425.84222222222223,0.4360720338663358,0.16245446241891667,0.10261817406644648,0.05983628835247019,0.05450874722667338
0.01,124,all,427.02194444444444,0.24132201531983827,0.09963622001120433,0.043130067525627105,0.05650615248557722,0.05167122133067639
0.01,155,all,433.95472222222224,0.2153652869072663,0.1038515382385932,0.043924193352275584,0.05992734488631761,0.05483589489084483
0.01,186,all,430.39972222222224,0.6765595804172848,0.2173940290392509,0.15836240175062927,0.05903162728862163,0.047725650854690375
0.01,217,all,437.7058333333333,0.35806231956904033,0.13545789118237206,0.07762140700821189,0.057836484174160166,0.05079024186279489
0.01,248,all,430.02805555555557,0.37916141543013254,0.1423384475099678,0.08245254658496541,0.059885900925002386,0.05287620516772495
0.01,279,all,431.2969444444444,0.4872201134877595,0.16530649055997684,0.10667238085848828,0.058634109701488565,0.04789105537665401
0.01,310,all,418.8280555555556,0.43616981934966087,0.1526947291645692,0.09313484842154278,0.059559880743026414,0.051873212648609675
0.01,341,all,425.0397222222222,0.2740406090948501,0.10851069979181445,0.05050609216698092,0.05800460762483353,0.05086069149210475
0.01,372,all,437.37916666666666,0.4015162521077117,0.15125456590435082,0.09316601456537298,0.05808855133897785,0.051506064032436245
0.01,pooled,1,432.11381944444446,0.5486624215889978,0.18631053765528824,0.1264689629931621,0.05984157466212614,0.05139851158809262
0.01,31,1,428.57916666666665,0.19247412315242385,0.09057783252084328,0.03236126657817526,0.058216565942668025,0.05329040975592534
0.01,62,1,437.46416666666664,0.3825388730252432,0.15681121707240664,0.09846291031143269,0.05834830676097395,0.047581979829008546
0.01,93,1,434.7575,0.2591836301463596,0.12027593219314629,0.06158068933775905,0.05869524285538724,0.05423272403296206
0.01,124,1,430.8258333333333,0.1788514677561229,0.08469668906763331,0.027040277402969805,0.0576564116646635,0.05464186969123797
0.01,155,1,436.1458333333333,0.17627796353798975,0.09551228068609907,0.034087730621520776,0.061424550064578295,0.05579673913580473
0.01,186,1,432.42083333333335,0.9033801546847088,0.286189610661983,0.22862260324592432,0.05756700741605869,0.04133966445998143
0.01,217,1,441.48583333333335,0.4560428688097891,0.15924576626963208,0.10165696167824984,0.05758880459138224,0.04741183902962706
0.01,248,1,429.75416666666666,0.48022508830948735,0.1631127966689496,0.10268156701712422,0.060431229651825374,0.047844302926886996
0.01,279,1,429.7758333333333,0.581083353854417,0.19587764507152702,0.13444616370663828,0.06143148136488874,0.05175773806055503
0.01,310,1,415.29833333333335,0.7333587434467885,0.22270995921427783,0.16350415675856161,0.05920580245571622,0.04999439039396967
0.01,341,1,425.3491666666667,0.3616219207487222,0.12832883640423404,0.07073061554281031,0.05759822086142373,0.048855540581756327
0.01,372,1,443.50916666666666,0.4480777345201494,0.15932118699238132,0.10043790322399518,0.05888328376838614,0.05638265956888714
0.01,pooled,2,430.21965277777775,0.3852160529535861,0.14103765204342525,0.08333268948139118,0.05770496256203407,0.05076367354172036
0.01,31,2,434.265,0.4749782774726645,0.16208001869471853,0.1061781890232943,0.05590182967142422,0.052435689048578205
0.01,62,2,418.6958333333333,0.3790619267500843,0.14417687822278796,0.08573173255435514,0.05844514566843283,0.04954816979079998
0.01,93,2,430.7633333333333,0.22185574961245133,0.10650208983217915,0.046941692912700374,0.05956039691947878,0.055938711551987874
0.01,124,2,431.61333333333334,0.14640146015462338,0.07952362773910247,0.025254964273267105,0.054268663465835365,0.04910514634113895
0.01,155,2,429.44083333333333,0.271115732215108,0.12063830237412997,0.06066726238723307,0.059971039986896894,0.0535353938431143
0.01,186,2,428.625,0.4002085156022001,0.1397201722335886,0.08205069279150105,0.05766947944208754,0.04748123802475776
0.01,217,2,434.43666666666667,0.3291104700084205,0.1257258216467322,0.06909332755272617,0.056632494094006045,0.05181228179020672
0.01,248,2,423.16583333333335,0.24805877752155006,0.10653649329502493,0.04916974436324414,0.057366748931780794,0.04799928237220612
0.01,279,2,441.445,0.3238273737385919,0.11143176416831686,0.055403042202526225,0.05602872196579064,0.045031607657734105
0.01,310,2,425.355,0.23261113266171557,0.1059477463345224,0.04784946874685696,0.05809827758766545,0.053724506763448907
0.01,341,2,426.8233333333333,0.19047019193474088,0.0904617584176308,0.03487607201894932,0.05558568639868147,0.05346943964162532
0.01,372,2,438.00666666666666,0.36975073946113757,0.13973443778790862,0.08377554149691185,0.05595889629099676,0.046210900211970704
0.01,pooled,3,425.88374999999996,0.4206813409730899,0.1519679405232206,0.09234022505388792,0.05962771546933268,0.05262398720654493
0.01,31,3,416.6383333333333,0.40056131150257784,0.1625621704607643,0.10349622998710849,0.059065940473655806,0.04855157274495569
0.01,62,3,430.475,0.28368517335496884,0.12523572418968268,0.06478557140026853,0.06045015278941415,0.05340808007186963
0.01,93,3,412.0058333333333,0.13033585520972668,0.07967563206239617,0.02065008699786741,0.059025545064528756,0.05235171142400446
0.01,124,3,418.62666666666667,0.15019497616539806,0.07822015610104063,0.02227759043312502,0.05594256566791561,0.05065212613089854
0.01,155,3,436.2775,0.1294905813005525,0.0776778120187524,0.02065889789044445,0.05701891412830795,0.05481148596220544
0.01,186,3,430.1533333333333,0.7069529211806114,0.22070131828436235,0.16116247565299952,0.05953884263136283,0.05207251650648909
0.01,217,3,437.195,0.2301649721520627,0.10473558599596855,0.046725185216408116,0.058010400779560434,0.052319543609762126
0.01,248,3,437.1641666666667,0.1823393179271506,0.09352357609859029,0.03396654343947957,0.05955703265911071,0.060243594051482774
0.01,279,3,422.67,0.1372254950670595,0.08548305882327663,0.0290422994117011,0.05644075941157553,0.04654509854751605
0.01,310,3,415.8308333333333,0.19356961898908787,0.0953115902603606,0.03494565613682991,0.06036593412353069,0.05104113855938604
0.01,341,3,422.94666666666666,0.2521921334972337,0.10346333323710968,0.04335534243037593,0.060107990806733756,0.04916987362422581
0.01,372,3,430.62166666666667,0.19165361060688774,0.09793096710929464,0.039941995977751346,0.05798897113154329,0.05170276343571749
