case,mode,q,kappa_reference,kappa_effective,u_input,update_interval,S_predicted_leading,gamma_predicted_leading,S,S_SEM,gamma,gamma_SEM,u,u_SEM,gamma_half_horizon,gamma_half_horizon_SEM,gamma_long_horizon,gamma_long_horizon_SEM,S_over_prediction,gamma_over_prediction,noise_ratio
gain_half,1,0.02454369260617026,0.01,0.0083984375,0.2,0.2,0.014345355234141509,0.0083984375,0.013290056472247952,0.0008975992459561408,0.009150106582676768,0.000550400920618392,0.19095422394268113,0.04412950706273639,0.009063779539252442,0.0003824950828741827,0.008691830369190594,0.00035886446061043957,0.9264362056798721,1.0895010628675594,1.0093532307672095
gain_half,2,0.04908738521234052,0.01,0.0083984375,0.2,0.2,0.057381420936566035,0.0083984375,0.05964918496663708,0.0005299854261423464,0.008208658043016532,0.0004491391299870664,0.19742727602301646,0.020512023412810592,0.008301876375454816,0.00018971726585872588,0.007889296387970602,0.0007518748090525762,1.0395208761487102,0.977403004191736,1.016030827267775
baseline,1,0.02454369260617026,0.02,0.016796875,0.2,0.2,0.0071726776170707544,0.016796875,0.007074745940666357,0.0004050567520724288,0.016891505495266815,0.0014437241162192861,0.16720810951184484,0.03761866636577383,0.016919163872477314,0.000935044269584781,0.01698672660536596,0.0016907667722269113,0.9863465665637442,1.0056338155321638,0.9919034611705475
baseline,2,0.04908738521234052,0.02,0.016796875,0.2,0.2,0.028690710468283018,0.016796875,0.026695377307199963,0.00044079227277192144,0.01759137320385797,0.0002987609578597928,0.19758581753669682,0.020211218982130307,0.017886704207205045,0.000162945694379773,0.017809642813522444,0.00015589135356809973,0.9304536859312406,1.0473003581831721,0.9744644785486409
gain_double,1,0.02454369260617026,0.04,0.03359375,0.2,0.2,0.0035863388085353772,0.03359375,0.0034982851707632927,9.300865809922483e-05,0.03429190236256286,0.0005367101899515259,0.21686419272572263,0.031190917638541916,0.0345348268920544,0.0006898739050780557,0.0351191010677012,0.0005064572569832603,0.9754474848939203,1.0207822098623363,0.995719439234674
gain_double,2,0.04908738521234052,0.04,0.03359375,0.2,0.2,0.014345355234141509,0.03359375,0.013898352892380667,0.00016988344724213318,0.034533061394584876,0.0006989727940395489,0.23650476658254058,0.0095122608126911,0.034911272482494496,0.00041386270147448075,0.03430381703817332,0.0014147152384637672,0.9688399252256236,1.0279608973271777,0.9959295589013277
zero_flow,1,0.02454369260617026,0.02,0.016796875,0,0.2,0.0071726776170707544,0.016796875,0.006839417314090238,0.00027977324440498625,0.01718795848293115,0.0011450513847030331,-0.0030603840827044047,0.006542344806851457,0.017660793938470115,0.0005944076357616219,0.01694770213512239,0.0012357005537572512,0.9535375321780297,1.0232831096814825,0.9757388511251408
zero_flow,2,0.04908738521234052,0.02,0.016796875,0,0.2,0.028690710468283018,0.016796875,0.027143848124081865,0.0005586630610488787,0.018002437882548468,0.0012300039497511407,-0.03217758843067108,0.007126280988086256,0.017781837045429134,0.0008829815157883876,0.018694960656492187,0.0014884908210982739,0.9460849062656996,1.0717730460307926,1.0139883017921458
update_2s,1,0.02454369260617026,0.02,0.016796875,0.2,2,0.0071726776170707544,0.016796875,0.0071882558458368365,0.00022754133742921694,0.017151957156480574,0.000782333415651651,0.15109089409952747,0.03101381640947474,0.017154835127368612,0.0005668499445513086,0.01714127012180006,0.0011313922402658438,1.0021718846988197,1.0211397748974482,1.023357572749904
update_2s,2,0.04908738521234052,0.02,0.016796875,0.2,2,0.028690710468283018,0.016796875,0.02904600995913377,0.0009100510362561043,0.016771558470984094,0.0007716681450653754,0.18725289751330967,0.007098085264922017,0.01673454091507783,0.0004948075202405715,0.016350633145434248,0.0014488807778188294,1.0123837815464183,0.9984927833888205,1.0108578998939828
