case,seed,mode,q,S,gamma,u,gamma_half_horizon,gamma_long_horizon
gain_half,131,1,0.02454369260617026,0.013584205854527236,0.009203325275918096,0.22110821812784556,0.009097998128864944,0.0088281329857913
gain_half,262,1,0.02454369260617026,0.014676657211146114,0.008171289617797364,0.2477124038653406,0.008384832438512985,0.008013419033689937
gain_half,393,1,0.02454369260617026,0.011609306351070511,0.010075704854314846,0.10404204983485726,0.0097085080503794,0.009233939088090545
gain_half,131,2,0.04908738521234052,0.060483077582673676,0.00907642453191511,0.23410219778524552,0.008637354306057676,0.009391682839775898
gain_half,262,2,0.04908738521234052,0.058665563280241015,0.007975806798047652,0.1950096737707922,0.008287658879184751,0.007082664930336934
gain_half,393,2,0.04908738521234052,0.059798914036996546,0.007573742799086833,0.16316995651301164,0.00798061594112202,0.007193541393798973
baseline,131,1,0.02454369260617026,0.007178082045206572,0.018437012644360817,0.23923480785320408,0.017425619262084396,0.019453838728653187
baseline,262,1,0.02454369260617026,0.007718925683766929,0.014006508158666301,0.15002580444260408,0.015106913868018304,0.013750398673901243
baseline,393,1,0.02454369260617026,0.0063272300930255695,0.018230995682773324,0.11236371623972631,0.018224958487329235,0.017755942413543446
baseline,131,2,0.04908738521234052,0.02680004679422515,0.017636220632280087,0.1789852915855693,0.01786399100809552,0.017839609662709185
baseline,262,2,0.04908738521234052,0.02740111690507529,0.018084959044739495,0.23796654775435572,0.017616516883205455,0.018063421055307012
baseline,393,2,0.04908738521234052,0.025884968222299458,0.01705293993455433,0.17580561327016553,0.018179604730314155,0.017525897722551132
gain_double,131,1,0.02454369260617026,0.003673623963456827,0.033305581782559136,0.2776026037935788,0.03315512889049614,0.035151107014840435
gain_double,262,1,0.02454369260617026,0.003464412263863663,0.03515187632336946,0.19881383840110012,0.035214522908294354,0.035979869771345104
gain_double,393,1,0.02454369260617026,0.003356819284969389,0.03441824898175998,0.17417613598248896,0.0352348288773727,0.03422632641691806
gain_double,131,2,0.04908738521234052,0.014212064857923404,0.03484372242812789,0.25132059756377945,0.035159441658767006,0.03483186003190963
gain_double,262,2,0.04908738521234052,0.013628493551486204,0.0355581147950627,0.2187615871108949,0.035471041717902746,0.03644710432195615
gain_double,393,2,0.04908738521234052,0.013854500267732392,0.033197346960564054,0.23943211507294737,0.03410333407081374,0.0316324867606542
zero_flow,131,1,0.02454369260617026,0.007147398539497043,0.017380685513941507,-0.0037676787624837346,0.017346852386461706,0.01749198826538869
zero_flow,262,1,0.02454369260617026,0.007090000401041631,0.01511534340462597,0.008608369416306154,0.016824768320323223,0.014587813388166924
zero_flow,393,1,0.02454369260617026,0.00628085300173204,0.019067846530225974,-0.014021842901935633,0.018810761108625413,0.01876330475181156
zero_flow,131,2,0.04908738521234052,0.027164380501650248,0.01789189025047859,-0.018457906659778964,0.01757148522896061,0.018548421514768883
zero_flow,262,2,0.04908738521234052,0.02616611252314809,0.020185988833966162,-0.03569386964974856,0.01940549349573602,0.021343246631852785
zero_flow,393,2,0.04908738521234052,0.028101051347447246,0.015929434563200652,-0.04238098898248572,0.016368532411590773,0.01619321382285489
update_2s,131,1,0.02454369260617026,0.0071660732526057465,0.018291908439232733,0.15654301040788937,0.01698440334722984,0.01913120502803088
update_2s,262,1,0.02454369260617026,0.007592991817426384,0.015653800485105864,0.20187442616674406,0.016269395911258408,0.015213422984199886
update_2s,393,1,0.02454369260617026,0.006805702467478378,0.01751016254510312,0.09485524572394896,0.01821070612361759,0.017079182353169412
update_2s,131,2,0.04908738521234052,0.030839579899725775,0.01598837455106575,0.17585578603807722,0.015748666290474746,0.015951585709071014
update_2s,262,2,0.04908738521234052,0.027881066794993126,0.01601146367274383,0.18562152618442976,0.017153034525948883,0.014064530708570092
update_2s,393,2,0.04908738521234052,0.02841738318268241,0.018314837189142695,0.20028138031742204,0.017301921928809853,0.01903578301866164
