Lc,ell,Fano,SEM
128,4.0,0.574787153556635,0.0058396645994272635
128,8.0,0.39354729641480324,0.005456636761485848
128,16.0,0.24257555883142837,0.005907918836941135
128,24.0,0.19668099837616995,0.005966692141959415
128,32.0,0.18485798400792128,0.009110923063023116
256,5.656854249492381,0.48399344274911477,0.006396546172993398
256,11.313708498984761,0.3078726919848533,0.007505946999555812
256,22.627416997969522,0.19455674831970837,0.012681447884998235
256,33.941125496954285,0.1671882609036328,0.019378392125666683
256,45.254833995939045,0.16470393140207032,0.025624112169875302
384,6.928203230275509,0.4294909045428968,0.007043101039858571
384,13.856406460551018,0.25835838963951585,0.006298271327540945
384,27.712812921102035,0.15823453341258578,0.009274484268821293
384,41.569219381653056,0.13576620962867378,0.012932365889737561
384,55.42562584220407,0.13341998651780776,0.017656287868394887
512,8.0,0.38841917802141723,0.0016575002384261375
512,16.0,0.22375770591503055,0.0025031270760606946
512,32.0,0.13337538188874068,0.004281294758163835
512,48.0,0.11131284927527156,0.005391319911323002
512,64.0,0.10729359961745137,0.006745025720882679
640,8.94427190999916,0.3548067005285329,0.0017918874144610957
640,17.88854381999832,0.19929660784530126,0.003234805716143816
640,35.77708763999664,0.11985369028529969,0.006117057527704467
640,53.665631459994955,0.1018274019037585,0.00976975036594331
640,71.55417527999327,0.09992576035160859,0.012280666320393173
768,9.797958971132712,0.3287568635085698,0.0009016888555260994
768,19.595917942265423,0.1831073760303151,0.0019762250640358737
768,39.191835884530846,0.10881291468536014,0.0029781002934236352
768,58.78775382679627,0.0905423708352537,0.0045161318021068675
768,78.38367176906169,0.08746893015216818,0.006366448884533899
1024,11.313708498984761,0.2922939383163299,0.0011763266375160108
1024,22.627416997969522,0.16040746452447077,0.0011002021764312344
1024,45.254833995939045,0.09687945096950908,0.0010399537771932372
1024,67.88225099390857,0.08372716471291637,0.0013391515155886946
1024,90.50966799187809,0.08284573630809676,0.0016724999457673668
2048,16.0,0.2134593528216828,0.0013698231969513314
2048,32.0,0.1135830843055808,0.0021887622893454442
2048,64.0,0.06878281193861757,0.004417725941634826
2048,96.0,0.05903753468317619,0.006559996841679872
2048,128.0,0.058103963150246164,0.008791713341803573
4096,22.627416997969522,0.1513253085066065,0.00028761500695306276
4096,45.254833995939045,0.07905369767361725,0.00010685400377087291
4096,90.50966799187809,0.04613069537198095,0.0003548786295880922
4096,135.76450198781714,0.0380795537373263,0.000661896210781664
4096,181.01933598375618,0.036315712777185476,0.000871222826245217
