q_um^-1,S_upstream,S_center,SEM_center,S_downstream
0.04908738521234052,0.35238444045867023,0.28317789458135373,0.0014894974426538149,0.2657644286694265
0.09817477042468103,0.30626147781276963,0.2707016498395112,0.008991222704446755,0.2656722377220541
0.14726215563702155,0.3383583386648433,0.32698624362200507,0.010973176800870277,0.32260364252342405
0.19634954084936207,0.4128213986440348,0.3894042643127075,0.01097690319773126,0.3791871427256727
0.2454369260617026,0.4686263964578641,0.46704721856691783,0.016259222813971623,0.47251234969026695
0.2945243112740431,0.5224172590358236,0.5323008116289262,0.013449634707133265,0.5458836846493814
0.3436116964863836,0.6152784857067252,0.6017392159173082,0.0017778032686187849,0.5960632430401992
0.39269908169872414,0.6443905828241981,0.6516381166165228,0.01087672781073813,0.6567696478528303
0.44178646691106466,0.7271936173984829,0.6872001862030773,0.008025792328189516,0.688412065661702
0.4908738521234052,0.7062866743153414,0.7115978273842026,0.011717146022975921,0.7216030018907494
0.5399612373357456,0.7474798029744818,0.7591950374806081,0.010377578936217435,0.7609817101352742
0.5890486225480862,0.7696054506391875,0.7793284748311446,0.008608924961508516,0.7670538002369808
0.6381360077604268,0.7881643166564709,0.7846667890530314,0.00981357042071481,0.7761611706693792
0.6872233929727672,0.8054207139780057,0.7798203468807521,0.015082741345576814,0.7783621012411124
0.7363107781851077,0.800717573512526,0.8124565072429454,0.02095022219491612,0.8098015002877172
0.7853981633974483,0.8343686459453208,0.830862010669336,0.00936691595701155,0.8219511438698176
