Lc,mean_Nc,kappa_predicted,A_predicted,Nc_Fano,fraction_ell,fraction_Fano,fraction_SEM,fraction_common_Fano,fraction_residual_Fano,fraction_common_fraction,fraction_b,fraction_early_Fano,fraction_late_Fano,interior_ell,interior_Fano,interior_SEM,interior_common_Fano,interior_residual_Fano,interior_common_fraction,interior_b,interior_early_Fano,interior_late_Fano,full_rect_S,full_rect_SEM,fraction_Hann_S,fraction_Hann_SEM,interior_Hann_S,interior_Hann_SEM,upstream_rect_S,upstream_rect_SEM,center_rect_S,center_rect_SEM,downstream_rect_S,downstream_rect_SEM
128,214.38666666666666,0.016748958333333334,11.941041109521736,0.34299797527485815,32.0,0.18485798400792128,0.009110923063023116,0.07021533142570169,0.11464265258221959,0.37983391305778236,0.22623785503821625,0.17109797236966576,0.1983931769379427,32.0,0.18485798400792128,0.009110923063023116,0.07021533142570169,0.11464265258221959,0.37983391305778236,0.22623785503821625,0.17109797236966576,0.1983931769379427,0.07150103872923684,0.00409341059102561,0.2898704323817884,0.009670450780154504,0.2898704323817884,0.009670450780154504,0.14086027938900977,0.005034490941281326,0.1313552571915729,0.005961237655936003,0.13189995885553138,0.008849458893886771
256,427.3535185185185,0.01669349681712963,11.980713339506845,0.5527551927683032,64.0,0.18240452988165404,0.03655746374265436,0.1232888503933511,0.059115679488303,0.6759089287603885,0.23608064273793095,0.21205192598882253,0.15012603014039672,45.254833995939045,0.16470393140207032,0.025624112169875302,0.08554309751732934,0.079160833884741,0.5193749583821656,0.16535982904570257,0.18498407768144814,0.14209656431239762,0.03341141052593982,0.0010955083738091141,0.11009721318148909,0.0034106084243511734,0.19633954883266216,0.006940068221741863,0.05465881913563191,0.0010555884263938877,0.05443522374979189,0.0007933165655941402,0.053280783770107164,0.0006721782830762644
384,642.1517283950617,0.016722701260288065,11.959790280709399,0.5128793502328819,96.0,0.15853954488091027,0.030190708470568935,0.1187280157877197,0.03981152909319054,0.7488858119083434,0.24055105053854273,0.12308168831318561,0.18750514268874646,55.42562584220407,0.13341998651780776,0.017656287868394887,0.06926105544757284,0.06415893107023492,0.5191205399974199,0.13960034780421673,0.11465239784378518,0.14860683639555045,0.020507587082675385,0.00040775121585046454,0.05266666191938374,0.00044924137262440883,0.1383113097708386,0.0017186030576274076,0.03118669430245131,0.0006084243137637723,0.03013721326463065,0.0009909513798343208,0.029528722608593985,0.0010497158396605988
512,859.3314814814814,0.016783817997685184,11.916239798810015,0.45433156440474787,128.0,0.13709804858221555,0.016121552324983766,0.10735051849589049,0.029747530086325094,0.7830200327870753,0.24301435837667737,0.1510628724425518,0.1196185403160419,64.0,0.10729359961745137,0.006745025720882679,0.05303666172935901,0.05425693788809235,0.49431337860280505,0.12076997660058957,0.11537301574378445,0.09747289203212561,0.015169004930561317,0.0005085227368789848,0.029647077803247185,0.00039107976790833177,0.10700754280050494,0.0026403985685386393,0.019590181542484573,0.00038527158619151787,0.019930392156943064,0.00024395081367929104,0.020104578530117722,0.00014000048612773978
640,1074.026,0.016781656250000002,11.917774802472193,0.4809386209079289,160.0,0.13843153748719136,0.027684711016320317,0.11481001877539271,0.023621518711798656,0.8293631701231067,0.2442880217612893,0.13353089784981134,0.14122650354278898,71.55417527999327,0.09992576035160859,0.012280666320393173,0.05139951345020376,0.048526246901404835,0.514377006182834,0.10930356732169606,0.09790913081534389,0.10092747069411662,0.01164957727305014,0.000402858653462731,0.01986780767657835,0.00034030652623591933,0.08457029312186992,0.0006861392296039773,0.015225584591586197,0.00020327280561369351,0.015099794032718853,0.0002001818073164247,0.014212878568463894,0.0003153573275983653
768,1285.327901234568,0.016736040380658436,11.950257973274054,0.44906243786194233,192.0,0.12736226310835472,0.01405159539977326,0.10764518037788821,0.019717082730466504,0.8451889731757357,0.24480689883891982,0.12498148831128335,0.12836822966025502,78.38367176906169,0.08746893015216818,0.006366448884533899,0.04341823424250727,0.04405069590966091,0.4963846495775508,0.09933606374584458,0.08624597851581156,0.0882948154030467,0.009500738998055492,0.00020259990143938982,0.013831216691401896,0.0003586495103718361,0.07556068362090536,0.0007424810825811597,0.012115183150444124,0.00023137520376909158,0.012111526706697648,0.00019589748742666993,0.011855107850791526,4.114797427931121e-05
1024,1714.0157407407407,0.016738434968171297,11.948548378645125,0.5301587523815943,256.0,0.14387398418275227,0.00564494639670997,0.12904059833129497,0.014833385851457326,0.8969001523401507,0.246673510398308,0.10073115430469151,0.14167257961665475,90.50966799187809,0.08284573630809676,0.0016724999457673668,0.04501744905295747,0.03782828725513927,0.5433888460540822,0.08663297681585413,0.06773728623644222,0.08215766246585735,0.00707699681787802,7.564225346642339e-05,0.007571292174695817,6.855917973394415e-05,0.056434977960052535,0.0005198919389904265,0.0084036515717938,0.00011661598880705718,0.008416755001502336,8.723928532818268e-05,0.008361003632652355,7.85856339392609e-05
2048,3424.992986111111,0.01672359856499566,11.959148578142871,0.5094979403397377,512.0,0.13343283237775538,0.035146457442162105,0.12602451658850333,0.007408315789252079,0.9444790636814278,0.2486704259877656,0.11611567876743893,0.14814743439059022,128.0,0.058103963150246164,0.008791713341803573,0.03151329730578496,0.026590665844461195,0.5423605481832173,0.062170913006009375,0.053585477982303044,0.061983150888734725,0.003419322772241614,3.2308461363018166e-05,0.0019432172560310303,1.573927877719193e-05,0.029913958397594545,0.00020607457209835918,0.003729855680359321,2.5687970155215386e-05,0.0037674179877157693,1.7062148547048604e-05,0.003778260748030612,2.9917667931568475e-05
4096,6861.633090277778,0.016752033911810984,11.938848802054446,0.40158230707562254,1024.0,0.10325660464897403,0.004802361559739418,0.09954354470868032,0.0037130599402937087,0.9640404606280011,0.2489367638336739,0.07774140071007686,0.12838503126877335,181.01933598375618,0.036315712777185476,0.000871222826245217,0.01756940472199269,0.018746308055192784,0.4837962242346589,0.04397134744646247,0.0317809282428205,0.04077812582642468,0.0016713423152858401,1.463849428718403e-05,0.00048704691701142826,7.398841271940871e-06,0.015275869844542088,0.00014914170474503516,0.0017506177185541438,8.725178998260906e-06,0.0017569292477735716,1.0081363035394876e-05,0.0017433157401058202,9.131673290855072e-06
