Lc,q,gamma_predicted,gamma_measured,gamma_SEM,u_measured,u_SEM,u_input,note
128,0.19634954084936207,0.016748958333333334,0.02924762764021392,0.0033761978379756143,0.20356505730046873,0.016471517982415695,0.2,"Hann wavepacket: approximate bulk rate, not exact Fourier eigenmode"
256,0.09817477042468103,0.01669349681712963,0.020746708061929024,0.0008839481905145952,0.22320857340660172,0.01346138454914306,0.2,"Hann wavepacket: approximate bulk rate, not exact Fourier eigenmode"
384,0.06544984694978735,0.016722701260288065,0.018304425020402394,0.0004509815015547261,0.2439456611146106,0.012811019066855651,0.2,"Hann wavepacket: approximate bulk rate, not exact Fourier eigenmode"
512,0.04908738521234052,0.016783817997685184,0.017414000993758925,0.0006919233293246335,0.21754942411481437,0.015219903510201176,0.2,"Hann wavepacket: approximate bulk rate, not exact Fourier eigenmode"
640,0.039269908169872414,0.016781656250000002,0.016911177498118338,0.00045385694210057267,0.22311213823004003,0.014077497589558665,0.2,"Hann wavepacket: approximate bulk rate, not exact Fourier eigenmode"
768,0.032724923474893676,0.016736040380658436,0.016477101949941925,0.000512844375851393,0.2160003793401273,0.02167240992394497,0.2,"Hann wavepacket: approximate bulk rate, not exact Fourier eigenmode"
1024,0.02454369260617026,0.016738434968171297,0.017509631549071532,0.0002908015131176005,0.24500901518952178,0.013988893350842496,0.2,"Hann wavepacket: approximate bulk rate, not exact Fourier eigenmode"
2048,0.01227184630308513,0.01672359856499566,0.016876482940490354,0.00034978244450508815,0.2537547910297722,0.020340213900676116,0.2,"Hann wavepacket: approximate bulk rate, not exact Fourier eigenmode"
4096,0.006135923151542565,0.016752033911810984,0.016713105529699308,0.00019261561014706307,0.23971728498216213,0.05249805066471676,0.2,"Hann wavepacket: approximate bulk rate, not exact Fourier eigenmode"
