"file","bytes","sha256"
"on_L1024_31_snapshot.csv","31456","7E5CDB31D51357138296F2CE315313AEDDEA8C02509C10EB9F9074A2FFF20A59"
"on_L1024_62_snapshot.csv","30934","142BA9E6F3C4E56B49DA011D411841FC28027F58162545905B25A28C7491E688"
"on_L1024_93_snapshot.csv","31518","1E6A8704CEC42D8ABC3F968C8E415761F4612E034B4D027105950055DB01D4B1"
"on_L128_31_snapshot.csv","6511","5C2D6334CF229F508E361CD61D75F6F1EEC7371B7FC4C8E5496D3A5FE47571F7"
"on_L128_62_snapshot.csv","6074","BAAA267106B61FE176B247BD301F9683584D3D32B33EDFA975BC62D63A1A9825"
"on_L128_93_snapshot.csv","6116","F5C8AF444B7F8D7830C262DD8E2A19B0EFF46D88497597EBA324BD5B2E0B636A"
"on_L2048_31_snapshot.csv","60139","CCBA94811E91016E27277B37AC0597146CE1F2CFDCC3A1019D275B5AC7BF2B76"
"on_L2048_62_snapshot.csv","59971","12AA1E3A4A6CAC56198A0E5D61BF4C6139F11E5A4C2C674A32B036F110570715"
"on_L2048_93_snapshot.csv","60736","982EA125F99F3EFFB4DB38C2DFE2F3A61D05BC80AC8B3C4687514C0B9722F956"
"on_L256_31_snapshot.csv","9727","CFA073328849F26C112EE225E9A0CDCDC3915F72AD987B516F5EAA078212CC59"
"on_L256_62_snapshot.csv","9823","E79DA008983315C1CAD4844B9C6D8F2E16BB35DD4C65A0812039861FF6C8141B"
"on_L256_93_snapshot.csv","9701","6D3D0CFAF1BEBADEDC2C841AA9ADD538F522D3E36CEBB1CD0B5644A0BE6F3805"
"on_L384_31_snapshot.csv","13593","44B7FA4EF4244A80615E75EE532F9D3D945447E26C780124D8F3F86966CCFBD8"
"on_L384_62_snapshot.csv","14022","0876F571AD4241924DA479703108C64D1BDD89EE91DF7093806CA62807FDC210"
"on_L384_93_snapshot.csv","14131","A68150716BFE9D145AE740F4AAA2EBAD4256E535BE099F1741EEE25871FAF5AB"
"on_L4096_31_snapshot.csv","118916","343303FA4474A5C7CE2744DC9ECBA71718AC529831DC6F41D05AC7AA4A966721"
"on_L4096_62_snapshot.csv","119676","E5A116BDC3495A7C613FFA9F1B8714AEF8292BBAAF13833D2520375732E19BFB"
"on_L4096_93_snapshot.csv","118560","A79B00E3B222EC733AAE309924641DB5ED3C306C77033CE395F8750D49EB0B4D"
"on_L512_31_snapshot.csv","16551","BE1EBD755680D89B797B1F7A5E9F0E98EDA4934F1EB6D8843133BF4765805453"
"on_L512_62_snapshot.csv","16793","CA1DEFF99C7319404D677AFA1229D9DE5782F58E5F1AB02FC97622A9C556D7EE"
"on_L512_93_snapshot.csv","17156","23557046B4D4A107771DCF22EAD01609AB4651AD4E627B996B3BB7FC7D0B7F12"
"on_L640_31_snapshot.csv","21399","F9E2DE17BDF6EF4E6236C2701BD9854591858F2113B3EE3FCA3EF12DD1799480"
"on_L640_62_snapshot.csv","21139","56A346C84D71B21E6B17B1BED4D9A3A9FCC610642586129D6E01CB982C0FAB66"
"on_L640_93_snapshot.csv","21180","C21BFA7510683323245167AE7003F72C1EE1F2622F3F2F177186F47155E501A3"
"on_L768_31_snapshot.csv","24751","390DB8D6DE754A17D324F1674D98AE8649DE1FF31AF1E1942110F3B21D2592A7"
"on_L768_62_snapshot.csv","24483","F6DD3D2406C43F906E4632ADDE7463F8589486418F5C970478555393FF0E4175"
"on_L768_93_snapshot.csv","24557","D00E3E00C830F567695FA038CF3336E458C5106139166D3CA9E8136A18AC344F"
