Lc,mode,q,S,SEM,S_predicted_q2,measured_over_predicted
128,2,0.19634954084936207,0.2898704323817884,0.009670450780154504,0.4987283771307359,0.5812190476296122
128,3,0.2945243112740431,0.46693450500629075,0.009426280914012456,1.0741841968969699,0.43468755764154726
128,4,0.39269908169872414,0.6158832023570057,0.011556845201267162,1.8798223445696969,0.32762840815044425
128,5,0.4908738521234052,0.7034318943534346,0.00434873213038755,2.9156428201489177,0.24126134020679066
128,6,0.5890486225480862,0.744231770776795,0.003963709922879138,4.181645623634632,0.1779758109033444
128,7,0.6872233929727672,0.7850408369647566,0.02076734629038513,5.67783075502684,0.1382642193534431
128,8,0.7853981633974483,0.8227900330287307,0.022016673402498948,7.40419821432554,0.11112479828495245
256,2,0.09817477042468103,0.11009721318148909,0.0034106084243511734,0.1250963309203473,0.8800994591247555
256,3,0.14726215563702155,0.21082523578436393,0.007822897930207207,0.26943825121305576,0.7824621590854072
256,4,0.19634954084936207,0.3137018880923727,0.004462720044321795,0.4715169396228475,0.6653035378607894
256,5,0.2454369260617026,0.4050804039916029,0.010440008738173,0.7313323961497227,0.5538936961144443
256,6,0.2945243112740431,0.49911085826673823,0.01286339368577606,1.0488846207936813,0.47584915287352164
256,7,0.3436116964863836,0.5657461182865937,0.02416074888132366,1.4241736135547232,0.3972451904051902
256,8,0.39269908169872414,0.6074233898254269,0.01564848926081248,1.857199374432848,0.32706417963926027
384,2,0.06544984694978735,0.05266666191938374,0.0004492413726244118,0.05550127257948992,0.9489271051209429
384,3,0.09817477042468103,0.10666636002863927,0.0005631668465599525,0.11954120247890139,0.8922978673187223
384,4,0.1308996938995747,0.17195408970452453,0.003877179291277454,0.2091971043380774,0.8219716532339496
384,5,0.1636246173744684,0.24033572133608952,0.004971904997314265,0.32446897815701803,0.7407047746172687
384,6,0.19634954084936207,0.31382315449138165,0.01214679222128126,0.46535682393572325,0.6743710167119588
384,7,0.22907446432425574,0.3848607419218392,0.012979519449004587,0.631860641674193,0.6090911769755164
384,8,0.2617993877991494,0.46526038028590677,0.017245930802379697,0.8239804313724274,0.5646497933342494
512,2,0.04908738521234052,0.029647077803247185,0.00039107976790833177,0.03110578299796609,0.9531050160410917
512,3,0.07363107781851078,0.06400451081594562,0.0011259652156526117,0.06699707107254235,0.9553329689090962
512,4,0.09817477042468103,0.10667358591999153,0.002776541724102754,0.11724487437694911,0.9098358157392
512,5,0.1227184630308513,0.15399641065443645,0.0036154354239687513,0.18184919291118637,0.8468358214251026
512,6,0.14726215563702155,0.20504344923954265,0.00364476430610392,0.26081002667525416,0.7861793193052777
512,7,0.1718058482431918,0.26139190181767824,0.0005433678598764845,0.3541273756691524,0.7381296103520859
512,8,0.19634954084936207,0.3164496820402915,0.004568584356465004,0.46180123989288113,0.6852508280698744
640,2,0.039269908169872414,0.019867807676578347,0.0003403065262359204,0.019910265551324587,0.9978675384998361
640,3,0.05890486225480862,0.04078369243519613,0.0006080680351913746,0.04288364887977604,0.9510313021527828
640,4,0.07853981633974483,0.0660236140089755,0.0007154603184377664,0.07504638553960806,0.8797707382473402
640,5,0.09817477042468103,0.09966093215261056,0.0010031557211756877,0.11639847553082065,0.8562047887493317
640,6,0.11780972450961724,0.14183456068910022,0.0024198280942385546,0.16693991885341386,0.8496144101617895
640,7,0.13744467859455345,0.1816217928899834,0.002637273277144162,0.22667071550738763,0.8012583031885475
640,8,0.15707963267948966,0.22427753609021042,0.006563352270771532,0.29559086549274194,0.758743121903804
768,2,0.032724923474893676,0.013831216691401896,0.000358649510371835,0.013864259104938185,0.9976167198487714
768,3,0.04908738521234052,0.02929258549838702,0.00038639678641833047,0.02986148114909764,0.9809488468482143
768,4,0.06544984694978735,0.04964720412887613,0.0006515264965661991,0.05225759201092085,0.9500476814641746
768,5,0.0818123086872342,0.0754793322536025,0.0001187662665708287,0.08105259169040786,0.9312389731090495
768,6,0.09817477042468103,0.10307822703310172,0.00046502550414947324,0.11624648018755866,0.8867212741993519
768,7,0.11453723216212787,0.1404457160363595,0.0029313643781596964,0.1578392575023732,0.8898021839354371
768,8,0.1308996938995747,0.17401630529014314,0.0034531392591020827,0.20583092363485156,0.8454332430575484
1024,2,0.02454369260617026,0.007571292174695816,6.855917973394278e-05,0.007797530078321154,0.9709859530706616
1024,3,0.03681553890925539,0.016134462868857558,0.000343332344347374,0.01679468016869172,0.9606889030810527
1024,4,0.04908738521234052,0.02798011921146845,0.0008125988868203694,0.029390690295210502,0.9520061941528499
1024,5,0.06135923151542565,0.042590956307144066,0.0010627043949700714,0.04558556045787752,0.9343080545537976
1024,6,0.07363107781851078,0.060239176619694995,0.00030037966281175506,0.06537929065669276,0.9213800886279334
1024,7,0.0859029241215959,0.08114126850904964,0.0013664043190106594,0.08877188089165622,0.914042461351928
1024,8,0.09817477042468103,0.10452409346370417,0.0010427108746391919,0.11576333116276788,0.9029119360494137
2048,2,0.01227184630308513,0.0019432172560310303,1.5739278777192052e-05,0.0019511119215921597,0.9959537607895464
2048,3,0.018407769454627694,0.004144821149065157,4.5951759114566164e-05,0.004202394908044652,0.9862997742384272
2048,4,0.02454369260617026,0.007264808506308683,0.00013304250458643822,0.00735419108907814,0.9878460347729879
2048,5,0.030679615757712823,0.01112261967584846,0.00012100428633728953,0.011406500464692626,0.9751123677482956
2048,6,0.03681553890925539,0.01605435806219977,6.0681175857981664e-05,0.016359323034888112,0.9813583378702182
2048,7,0.04295146206079795,0.021996241986819015,0.0004003170006179933,0.02221265879966459,0.9902570505045148
2048,8,0.04908738521234052,0.02832841854774473,0.0002655020757108568,0.028966507759022063,0.97797148290758
4096,2,0.006135923151542565,0.0004870469170114282,7.398841271941008e-06,0.0004869500131127232,1.0001990017375408
4096,3,0.009203884727313847,0.0010523746426233124,1.4099450600624804e-05,0.0010488154128581732,1.0033935711866016
4096,4,0.01227184630308513,0.0018348771038017668,9.150716176952014e-06,0.0018354269725018029,0.9997004137411762
4096,5,0.015339807878856412,0.0028738687020514243,2.1157512469483737e-05,0.0028467846920436127,1.0095138947752205
4096,6,0.018407769454627694,0.004123947994306568,3.0619560330254024e-05,0.004082888571483602,1.0100564642174512
4096,7,0.021475731030398976,0.005565630642577725,5.747634264624294e-05,0.005543738610821773,1.0039489653630524
4096,8,0.02454369260617026,0.007188143122651123,6.177597823150715e-05,0.007229334810058121,0.9943021469486116
