Lc,n_seeds,qmin_central,Smin_central,SEM_central,qmin_full,Smin_full,SEM_full,q_Hann_m2,S_Hann_m2,SEM_Hann_m2,mean_Nc,burn,duration,central_profile_relative_range
128,3,0.09817477042468103,0.13135525719157262,0.005961237655936067,0.04908738521234052,0.07150103872923684,0.00409341059102561,0.19634954084936207,0.2898704323817886,0.009670450780154168,214.38666666666666,5600,9000,0.02137119132304618
256,3,0.04908738521234052,0.05443522374979189,0.0007933165655940921,0.02454369260617026,0.03341141052593982,0.0010955083738091141,0.09817477042468103,0.11009721318148902,0.0034106084243512194,427.3535185185185,8800,18000,0.011006740630506837
384,3,0.032724923474893676,0.030137213264630657,0.0009909513798342833,0.016362461737446838,0.020507587082675385,0.00040775121585046454,0.06544984694978735,0.05266666191938363,0.0004492413726244239,642.1517283950617,12000,27000,0.008308831630994797
512,3,0.02454369260617026,0.019930392156943037,0.00024395081367929521,0.01227184630308513,0.01516900493056132,0.0005085227368789849,0.04908738521234052,0.02964707780324716,0.00039107976790835253,859.3314814814814,15200,36000,0.004497253354237826
640,3,0.019634954084936207,0.015099794032718888,0.00020018180731642824,0.009817477042468103,0.01164957727305014,0.000402858653462731,0.039269908169872414,0.019867807676578295,0.0003403065262358747,1074.026,18400,45000,0.004401596291144127
768,3,0.016362461737446838,0.012111526706697606,0.00019589748742664565,0.008181230868723419,0.009500738998055489,0.00020259990143938928,0.032724923474893676,0.013831216691401986,0.0003586495103718164,1285.327901234568,21600,54000,0.003197736668234329
1024,3,0.01227184630308513,0.00841675500150233,8.72392853282039e-05,0.006135923151542565,0.00707699681787802,7.564225346642339e-05,0.02454369260617026,0.0075712921746958275,6.855917973392823e-05,1714.0157407407407,28000,72000,0.0023624166165293215
2048,3,0.006135923151542565,0.003767417987715771,1.70621485470392e-05,0.0030679615757712823,0.003419322772241614,3.2308461363018166e-05,0.01227184630308513,0.0019432172560310348,1.5739278777197615e-05,3424.992986111111,53600,144000,0.0008524865017161392
4096,3,0.0030679615757712823,0.0017569292477735705,1.0081363035390341e-05,0.0015339807878856412,0.0016713423152858401,1.463849428718403e-05,0.006135923151542565,0.0004870469170114269,7.398841271941105e-06,6861.633090277778,104800,288000,0.00026834723163978954
