Lc,window,m,q,S,SEM
128,rect,1,0.09817477042468103,0.13135525719157262,0.005961237655936067
128,rect,2,0.19634954084936207,0.32788866221566404,0.008691707974731342
128,rect,3,0.2945243112740431,0.49705313564821285,0.003730146209763854
128,rect,4,0.39269908169872414,0.6255051047041627,0.018702751236349846
128,rect,5,0.4908738521234052,0.7127673027875495,0.01633726232645075
128,rect,6,0.5890486225480862,0.7648633428241008,0.01690458155579513
128,rect,7,0.6872233929727672,0.7958186485154087,0.021892837292148363
128,rect,8,0.7853981633974483,0.8235953588328447,0.010968480271275234
128,rect,9,0.8835729338221293,0.8398440181441904,0.007148564262834912
128,rect,10,0.9817477042468103,0.8414393685598346,0.031198345565954744
128,rect,11,1.0799224746714913,0.8425213889374971,0.011022723199288074
128,rect,12,1.1780972450961724,0.8419587604956044,0.0019418823383022
128,rect,13,1.2762720155208536,0.8400640430763069,0.012278144421309917
128,rect,14,1.3744467859455345,0.8459327219532707,0.009558422009897762
128,rect,15,1.4726215563702154,0.8662374708642021,0.006485526102265511
128,rect,16,1.5707963267948966,0.8456316005307297,0.006171747644797427
128,Hann,2,0.19634954084936207,0.2898704323817886,0.009670450780154168
128,Hann,3,0.2945243112740431,0.46693450500629113,0.009426280914012635
128,Hann,4,0.39269908169872414,0.6158832023570054,0.011556845201266767
128,Hann,5,0.4908738521234052,0.7034318943534347,0.004348732130387457
128,Hann,6,0.5890486225480862,0.7442317707767948,0.003963709922879097
128,Hann,7,0.6872233929727672,0.7850408369647567,0.020767346290385923
128,Hann,8,0.7853981633974483,0.8227900330287309,0.022016673402498618
128,Hann,9,0.8835729338221293,0.8385619259315424,0.017561844593221434
128,Hann,10,0.9817477042468103,0.8414815628065506,0.015213723540589775
128,Hann,11,1.0799224746714913,0.8344626650030483,0.005382473274373367
128,Hann,12,1.1780972450961724,0.8470363997011215,0.011086272080913458
128,Hann,13,1.2762720155208536,0.8506494149263296,0.006860202454643322
128,Hann,14,1.3744467859455345,0.8458090328676016,0.012349555677043695
128,Hann,15,1.4726215563702154,0.8593711080523191,0.005916370882914698
256,rect,1,0.04908738521234052,0.05443522374979189,0.0007933165655940921
256,rect,2,0.09817477042468103,0.12553818880213688,0.003833548693784028
256,rect,3,0.14726215563702155,0.22070040420379597,0.0048796262311752775
256,rect,4,0.19634954084936207,0.31341201960974513,0.004676111814063731
256,rect,5,0.2454369260617026,0.4120942395801781,0.022080072940765156
256,rect,6,0.2945243112740431,0.5040816569841234,0.014923515911583895
256,rect,7,0.3436116964863836,0.5593770844721961,0.0092731271304064
256,rect,8,0.39269908169872414,0.6174547588643348,0.009344527702607675
256,rect,9,0.44178646691106466,0.6760758437970447,0.011531163545722242
256,rect,10,0.4908738521234052,0.7022889271050324,0.0056566396182671985
256,rect,11,0.5399612373357456,0.7480214497815868,0.002511077375783951
256,rect,12,0.5890486225480862,0.7716452757320513,0.01124678472272057
256,rect,13,0.6381360077604268,0.792499960896096,0.011939638174176877
256,rect,14,0.6872233929727672,0.8140446288530926,0.010428519481323575
256,rect,15,0.7363107781851077,0.817837549672002,0.005731613731962504
256,rect,16,0.7853981633974483,0.8261089957371427,0.008898623153771434
256,Hann,2,0.09817477042468103,0.11009721318148902,0.0034106084243512194
256,Hann,3,0.14726215563702155,0.21082523578436385,0.007822897930206924
256,Hann,4,0.19634954084936207,0.3137018880923725,0.004462720044321547
256,Hann,5,0.2454369260617026,0.40508040399160267,0.010440008738172841
256,Hann,6,0.2945243112740431,0.4991108582667378,0.012863393685775841
256,Hann,7,0.3436116964863836,0.5657461182865945,0.024160748881324277
256,Hann,8,0.39269908169872414,0.6074233898254263,0.01564848926081222
256,Hann,9,0.44178646691106466,0.6514079396724353,0.006493700238176806
256,Hann,10,0.4908738521234052,0.6947180047458005,0.008673204266158835
256,Hann,11,0.5399612373357456,0.7495618693265498,0.001747235735167595
256,Hann,12,0.5890486225480862,0.7776027779341687,0.008704939551158702
256,Hann,13,0.6381360077604268,0.7929789048906158,0.014474829876578206
256,Hann,14,0.6872233929727672,0.8074248325784961,0.009891852426213103
256,Hann,15,0.7363107781851077,0.8243463783708315,0.011632381891404869
384,rect,1,0.032724923474893676,0.030137213264630657,0.0009909513798342833
384,rect,2,0.06544984694978735,0.06401738529574426,0.0005509980548843907
384,rect,3,0.09817477042468103,0.11638645722528683,0.0009604554456119484
384,rect,4,0.1308996938995747,0.18584355919603046,0.003758220474010051
384,rect,5,0.1636246173744684,0.25079466280267443,0.006068759274815627
384,rect,6,0.19634954084936207,0.32123086531121103,0.01153861821798336
384,rect,7,0.22907446432425574,0.384490262456014,0.01437177240830808
384,rect,8,0.2617993877991494,0.4648572738103917,0.013041620859742593
384,rect,9,0.2945243112740431,0.5081905621550942,0.0128441440644281
384,rect,10,0.3272492347489368,0.5533431333846653,0.005815860188689375
384,rect,11,0.35997415822383044,0.6005763326146415,0.00040076481764084903
384,rect,12,0.39269908169872414,0.6317356349044888,0.0077458764228826825
384,rect,13,0.42542400517361784,0.6746512379672431,0.010164724582030915
384,rect,14,0.4581489286485115,0.6971516438503755,0.006098585183783254
384,rect,15,0.4908738521234051,0.7143135254364497,0.009318861835993782
384,rect,16,0.5235987755982988,0.7283836758087533,0.01134781809056965
384,rect,17,0.5563236990731926,0.7637692843400985,0.009103022505058256
384,rect,18,0.5890486225480862,0.7696070666408756,0.008175625710049554
384,rect,19,0.6217735460229799,0.7919887335826421,0.0018201886394581077
384,rect,20,0.6544984694978736,0.8080474704270001,0.005586523189808544
384,rect,21,0.6872233929727672,0.8044601594360317,0.02344711547486086
384,rect,22,0.7199483164476609,0.7968519350659449,0.004523185657438403
384,rect,23,0.7526732399225545,0.8127959963180335,0.014392493095094452
384,rect,24,0.7853981633974483,0.8218445587502302,0.013437938264867114
384,rect,25,0.818123086872342,0.8307054633270337,0.010888573344137288
384,rect,26,0.8508480103472357,0.8272857627937545,0.009758469636430098
384,rect,27,0.8835729338221293,0.8245884765110386,0.009589589707022911
384,rect,28,0.916297857297023,0.8223916699403268,0.00596665181132353
384,rect,29,0.9490227807719167,0.8339184403508525,0.018649057064581625
384,rect,30,0.9817477042468102,0.8425300622930775,0.004318757054858977
384,rect,31,1.014472627721704,0.8610890560078165,0.004969604019811396
384,rect,32,1.0471975511965976,0.8551470341723754,0.00612125218359457
384,rect,33,1.0799224746714915,0.838741585082824,0.010523442327777015
384,rect,34,1.1126473981463851,0.85415995417697,0.009880383329143103
384,rect,35,1.1453723216212788,0.8556285736342083,0.0075175254972322456
384,rect,36,1.1780972450961724,0.8633248438763749,0.01080543986169667
384,rect,37,1.210822168571066,0.866882843936065,0.0009514629459039544
384,rect,38,1.2435470920459597,0.8629214927379238,0.01449376015619423
384,rect,39,1.2762720155208533,0.8562414552009052,0.009777755055123861
384,rect,40,1.3089969389957472,0.8573030136026403,0.005440135395736184
384,rect,41,1.3417218624706406,0.8695322433194693,0.012634227287290415
384,rect,42,1.3744467859455345,0.8490259727189065,0.008796360635534031
384,rect,43,1.4071717094204281,0.8694320827153588,0.007488796147012836
384,rect,44,1.4398966328953218,0.8613182994587048,0.014473629746036804
384,rect,45,1.4726215563702156,0.86848729317161,0.011050975467750433
384,rect,46,1.505346479845109,0.8664514794132762,0.009283227166684062
384,rect,47,1.538071403320003,0.8644162267173024,0.0089338791437844
384,rect,48,1.5707963267948966,0.8608632054636387,0.007944997488142778
384,rect,49,1.6035212502697902,0.8645994022487962,0.008806246895651583
384,rect,50,1.636246173744684,0.8746994452891603,0.007047869073506899
384,rect,51,1.6689710972195775,0.8771123242361404,0.017072844419329977
384,rect,52,1.7016960206944713,0.8681026826663506,0.0024169763123262967
384,rect,53,1.734420944169365,0.8747640461820216,0.009433500498356794
384,rect,54,1.7671458676442586,0.8827236402223182,0.012008242800862943
384,rect,55,1.7998707911191525,0.8757546552920682,0.0062882188007035164
384,rect,56,1.832595714594046,0.879348517090119,0.00467021569843772
384,rect,57,1.8653206380689396,0.8714977193149765,0.00957912769057115
384,rect,58,1.8980455615438334,0.8761910353499148,0.0032913588770853482
384,rect,59,1.930770485018727,0.8807006861931161,0.010350389791474533
384,rect,60,1.9634954084936205,0.8915843596567533,0.014831455811491222
384,rect,61,1.9962203319685143,0.881788591890528,0.019386863040767296
384,rect,62,2.028945255443408,0.8821448096689299,0.015567480343467234
384,rect,63,2.061670178918302,0.8731474282754027,0.0012984693627975483
384,rect,64,2.0943951023931953,0.8829870131310246,0.0014366601387818057
384,Hann,2,0.06544984694978735,0.05266666191938363,0.0004492413726244239
384,Hann,3,0.09817477042468103,0.10666636002863916,0.0005631668465599937
384,Hann,4,0.1308996938995747,0.17195408970452455,0.003877179291277427
384,Hann,5,0.1636246173744684,0.24033572133608916,0.004971904997314408
384,Hann,6,0.19634954084936207,0.3138231544913817,0.012146792221281587
384,Hann,7,0.22907446432425574,0.38486074192183906,0.012979519449004223
384,Hann,8,0.2617993877991494,0.4652603802859064,0.017245930802379773
384,Hann,9,0.2945243112740431,0.5161049687651,0.017966143747394803
384,Hann,10,0.3272492347489368,0.5521770339953272,0.01020939116172903
384,Hann,11,0.35997415822383044,0.5841195445450137,0.010780337636090171
384,Hann,12,0.39269908169872414,0.6409718338172167,0.011049804349214962
384,Hann,13,0.42542400517361784,0.6759968719549483,0.009980565357627293
384,Hann,14,0.4581489286485115,0.696531999662795,0.005224872439412623
384,Hann,15,0.4908738521234051,0.7184232192772356,0.009127983132771448
384,Hann,16,0.5235987755982988,0.7314289905754373,0.012951374930754505
384,Hann,17,0.5563236990731926,0.7553300670120748,0.010782750523361277
384,Hann,18,0.5890486225480862,0.7756170817474238,0.009651027436202603
384,Hann,19,0.6217735460229799,0.7983577203329163,0.003873005067415477
384,Hann,20,0.6544984694978736,0.8144583170343803,0.004328250751285742
384,Hann,21,0.6872233929727672,0.803367066926373,0.01304371986670609
384,Hann,22,0.7199483164476609,0.8026028499565571,0.006883910764134928
384,Hann,23,0.7526732399225545,0.8219737069607409,0.014488897448509076
384,Hann,24,0.7853981633974483,0.8202823266242797,0.012375151885096589
384,Hann,25,0.818123086872342,0.8254328445442766,0.009031571027059804
384,Hann,26,0.8508480103472357,0.8330253259626255,0.0026737652682952136
384,Hann,27,0.8835729338221293,0.824674007455381,0.003357326471938158
384,Hann,28,0.916297857297023,0.816857539352957,0.005135047329513811
384,Hann,29,0.9490227807719167,0.8349675897296418,0.007671584753801642
384,Hann,30,0.9817477042468102,0.8421187678503054,0.005411478510024427
384,Hann,31,1.014472627721704,0.8472424949844775,0.0016684773713460564
384,Hann,32,1.0471975511965976,0.8462683160151704,0.00846350676815666
384,Hann,33,1.0799224746714915,0.8443165708000745,0.006268163291261527
384,Hann,34,1.1126473981463851,0.8587297413447912,0.007879958229405643
384,Hann,35,1.1453723216212788,0.8599127370168499,0.008550491545535997
384,Hann,36,1.1780972450961724,0.8555761525911519,0.00862497259725155
384,Hann,37,1.210822168571066,0.8587085408714635,0.007658049687403597
384,Hann,38,1.2435470920459597,0.8575439971049534,0.006772851355039539
384,Hann,39,1.2762720155208533,0.8578678524122988,0.007734766416341808
384,Hann,40,1.3089969389957472,0.8618790920861531,0.007232534962676636
384,Hann,41,1.3417218624706406,0.8636962414101103,0.007985968644231864
384,Hann,42,1.3744467859455345,0.8489276970986133,0.006769584207129612
384,Hann,43,1.4071717094204281,0.8600321927305631,0.007845349982060558
384,Hann,44,1.4398966328953218,0.8651700907133008,0.013018856315967536
384,Hann,45,1.4726215563702156,0.867076150367791,0.011499524275906085
384,Hann,46,1.505346479845109,0.8665068776577544,0.010051204302875977
384,Hann,47,1.538071403320003,0.860964460491895,0.008395098937260597
384,Hann,48,1.5707963267948966,0.8603225317743544,0.006585634205677473
384,Hann,49,1.6035212502697902,0.8621961648583257,0.01189631768188227
384,Hann,50,1.636246173744684,0.8699492607420783,0.009080258136764236
384,Hann,51,1.6689710972195775,0.8723564862990133,0.014882121508655336
384,Hann,52,1.7016960206944713,0.867875913485233,0.0038584959232730812
384,Hann,53,1.734420944169365,0.8751793339163999,0.006975966152769637
384,Hann,54,1.7671458676442586,0.8813119523478097,0.011447483637388244
384,Hann,55,1.7998707911191525,0.8695374498147644,0.009036102434207114
384,Hann,56,1.832595714594046,0.8755708205910778,0.007403844033682446
384,Hann,57,1.8653206380689396,0.8760975275988332,0.003822840428313023
384,Hann,58,1.8980455615438334,0.8843448962712251,0.0007748475041161867
384,Hann,59,1.930770485018727,0.8855641480327447,0.010133224155442277
384,Hann,60,1.9634954084936205,0.8882055917722171,0.010251426866786467
384,Hann,61,1.9962203319685143,0.8883052591069941,0.019528000573082013
384,Hann,62,2.028945255443408,0.8849007511096995,0.01496343089785685
384,Hann,63,2.061670178918302,0.8810938221186847,0.004080762233874065
512,rect,1,0.02454369260617026,0.019930392156943037,0.00024395081367929521
512,rect,2,0.04908738521234052,0.03930342947783538,0.0003207701554514983
512,rect,3,0.07363107781851078,0.07443292758067976,0.0008049638531694139
512,rect,4,0.09817477042468103,0.11372921995789857,0.00217956939278148
512,rect,5,0.1227184630308513,0.16224981126414362,0.004984930291500285
512,rect,6,0.14726215563702155,0.20707672401046565,0.0033285374666769015
512,rect,7,0.1718058482431918,0.27384019577556407,0.003267321147542234
512,rect,8,0.19634954084936207,0.31988139291007583,0.007083061610168699
512,rect,9,0.22089323345553233,0.36553998725050557,0.00795105226251018
512,rect,10,0.2454369260617026,0.41441034621050094,0.009318162155619023
512,rect,11,0.2699806186678728,0.45633028640766643,0.012070490496666452
512,rect,12,0.2945243112740431,0.4989754382032528,0.009377152897040598
512,rect,13,0.3190680038802134,0.5451133524941061,0.011040201259507833
512,rect,14,0.3436116964863836,0.5706437919540647,0.008831950800895294
512,rect,15,0.36815538909255385,0.6158401415143779,0.0094239100727265
512,rect,16,0.39269908169872414,0.6295526648253601,0.011086458726275806
512,Hann,2,0.04908738521234052,0.02964707780324716,0.00039107976790835253
512,Hann,3,0.07363107781851078,0.06400451081594566,0.0011259652156526447
512,Hann,4,0.09817477042468103,0.10667358591999158,0.002776541724102685
512,Hann,5,0.1227184630308513,0.15399641065443614,0.0036154354239684963
512,Hann,6,0.14726215563702155,0.20504344923954246,0.0036447643061040423
512,Hann,7,0.1718058482431918,0.26139190181767863,0.0005433678598763364
512,Hann,8,0.19634954084936207,0.3164496820402911,0.0045685843564652745
512,Hann,9,0.22089323345553233,0.3686167142417022,0.0036291351675597928
512,Hann,10,0.2454369260617026,0.4157142278789787,0.00848494468383335
512,Hann,11,0.2699806186678728,0.45814543366425703,0.012379387263074495
512,Hann,12,0.2945243112740431,0.5088827950393843,0.005292631600532597
512,Hann,13,0.3190680038802134,0.547909438264007,0.002568837408031661
512,Hann,14,0.3436116964863836,0.5734693097920954,0.006995754128444124
512,Hann,15,0.36815538909255385,0.617334883198725,0.006154895592737654
640,rect,1,0.019634954084936207,0.015099794032718888,0.00020018180731642824
640,rect,2,0.039269908169872414,0.028944180665333812,0.0005476156941618716
640,rect,3,0.05890486225480862,0.0497727691577071,0.0008475604553423563
640,rect,4,0.07853981633974483,0.07584442577241284,0.0009539840549532799
640,rect,5,0.09817477042468103,0.11110506496133044,0.0017483152093464075
640,rect,6,0.11780972450961724,0.15012141946606608,0.001581323167434849
640,rect,7,0.13744467859455345,0.1886208536006019,0.0009206169040238009
640,rect,8,0.15707963267948966,0.23025937586536646,0.006542799391576567
640,rect,9,0.17671458676442586,0.27181317724341153,0.0042817733775603875
640,rect,10,0.19634954084936207,0.30938413812743365,0.006453751204863253
640,rect,11,0.21598449493429825,0.3689373043983634,0.0038661804778404594
640,rect,12,0.23561944901923448,0.393064615029473,0.0018413925564147334
640,rect,13,0.2552544031041707,0.43141764260586996,0.007109779069091617
640,rect,14,0.2748893571891069,0.47511186083298446,0.005159724910604389
640,rect,15,0.2945243112740431,0.510396759529689,0.003046226944790777
640,rect,16,0.3141592653589793,0.5359550030502228,0.004015679683829922
640,rect,17,0.3337942194439155,0.567994343534043,0.003029759624798584
640,rect,18,0.3534291735288517,0.6028966076146857,0.012162935915039039
640,rect,19,0.37306412761378793,0.6241832368539432,0.0023673337814552084
640,rect,20,0.39269908169872414,0.6255357261497996,0.011270212817266043
640,rect,21,0.41233403578366035,0.648927459174344,0.008481152241885195
640,rect,22,0.4319689898685965,0.6685204093660545,0.010182977850212613
640,rect,23,0.45160394395353276,0.6856886233968273,0.0022406161804645643
640,rect,24,0.47123889803846897,0.6950853064887257,0.0061301735254532365
640,rect,25,0.4908738521234052,0.718015841922648,0.00406777428851893
640,rect,26,0.5105088062083414,0.7122915609331342,0.011209789558236753
640,rect,27,0.5301437602932776,0.7460997884733995,0.0023361217677079853
640,rect,28,0.5497787143782138,0.7568799836822748,0.00411467319974779
640,rect,29,0.56941366846315,0.7521600365195558,0.0034262371165882897
640,rect,30,0.5890486225480862,0.7724539125578679,0.002546803227050786
640,rect,31,0.6086835766330224,0.7745536017719185,0.011539065958393144
640,rect,32,0.6283185307179586,0.7924170879957524,0.0031702990587771374
640,rect,33,0.6479534848028948,0.7942780158433719,0.0026696118600472896
640,rect,34,0.667588438887831,0.7862156197240004,0.008919755978334245
640,rect,35,0.6872233929727672,0.8053075343228482,0.00036421285698408845
640,rect,36,0.7068583470577035,0.8061344599226766,0.005002737976442063
640,rect,37,0.7264933011426397,0.8116379485704192,0.007592662374106018
640,rect,38,0.7461282552275759,0.8195343423098648,0.0075270502671713705
640,rect,39,0.7657632093125121,0.820327386938683,0.007958478209122455
640,rect,40,0.7853981633974483,0.8189949120416561,0.0038584707922845567
640,rect,41,0.8050331174823844,0.8259067485504595,0.008820775241709667
640,rect,42,0.8246680715673207,0.8212850697470763,0.006526595425257512
640,rect,43,0.8443030256522569,0.8293508108537481,0.005448282229091753
640,rect,44,0.863937979737193,0.8367376567556385,0.0074964657553164915
640,rect,45,0.8835729338221293,0.8476648413185913,0.007105075967513403
640,rect,46,0.9032078879070655,0.8378517422799007,0.002248951794900158
640,rect,47,0.9228428419920018,0.8506965033180891,0.00835035589114134
640,rect,48,0.9424777960769379,0.8374001219959323,0.0019117345115238528
640,rect,49,0.962112750161874,0.8446574577024553,0.002192323202949343
640,rect,50,0.9817477042468103,0.8431132648412977,0.003671485144870046
640,rect,51,1.0013826583317464,0.8487957269288743,0.006541297396064208
640,rect,52,1.0210176124166828,0.8446122382711021,0.006947329136371445
640,rect,53,1.040652566501619,0.8409868242213729,0.002971286803909473
640,rect,54,1.0602875205865552,0.840259193869379,0.005507953292481452
640,rect,55,1.0799224746714915,0.850962175304575,0.0069830296930097685
640,rect,56,1.0995574287564276,0.8598973936173699,0.0013225083477685633
640,rect,57,1.1191923828413637,0.8547869625204955,0.002918352529154848
640,rect,58,1.1388273369263,0.8623239320145165,0.0022703674660186895
640,rect,59,1.158462291011236,0.845940187591871,0.008405114182942385
640,rect,60,1.1780972450961724,0.8486767288884373,0.005486016341477464
640,rect,61,1.1977321991811087,0.854559292094217,0.004885760644137428
640,rect,62,1.2173671532660448,0.858623712340746,0.0033611900308997563
640,rect,63,1.2370021073509812,0.8599223254482498,0.004431826387297051
640,rect,64,1.2566370614359172,0.8662789287126719,0.011173931391768262
640,Hann,2,0.039269908169872414,0.019867807676578295,0.0003403065262358747
640,Hann,3,0.05890486225480862,0.040783692435196243,0.0006080680351914733
640,Hann,4,0.07853981633974483,0.06602361400897551,0.0007154603184377672
640,Hann,5,0.09817477042468103,0.09966093215261063,0.00100315572117589
640,Hann,6,0.11780972450961724,0.14183456068910008,0.0024198280942388053
640,Hann,7,0.13744467859455345,0.18162179288998323,0.002637273277144087
640,Hann,8,0.15707963267948966,0.22427753609021053,0.006563352270771964
640,Hann,9,0.17671458676442586,0.2673254768391187,0.005523706073232131
640,Hann,10,0.19634954084936207,0.30830436895296426,0.0023612058247928047
640,Hann,11,0.21598449493429825,0.3608604664505763,0.003627521284418386
640,Hann,12,0.23561944901923448,0.3999487739184702,0.005106640920704981
640,Hann,13,0.2552544031041707,0.432684939687916,0.01746336960655585
640,Hann,14,0.2748893571891069,0.47190845651452157,0.010638575525758491
640,Hann,15,0.2945243112740431,0.5050968175469349,0.0019467814363346315
640,Hann,16,0.3141592653589793,0.5352858272806621,0.0039029013272192767
640,Hann,17,0.3337942194439155,0.5670679229004384,0.0037370925542014864
640,Hann,18,0.3534291735288517,0.6002691039796049,0.004191615685789542
640,Hann,19,0.37306412761378793,0.6260613782460042,0.002463093193654998
640,Hann,20,0.39269908169872414,0.6341386722419603,0.009067056522816256
640,Hann,21,0.41233403578366035,0.6590633751462436,0.004921474924500852
640,Hann,22,0.4319689898685965,0.6796921834386848,0.008060659031014526
640,Hann,23,0.45160394395353276,0.6876601629073388,0.003591905265322439
640,Hann,24,0.47123889803846897,0.7032999024846401,0.005675307635376273
640,Hann,25,0.4908738521234052,0.7275810174939851,0.0032976229372276714
640,Hann,26,0.5105088062083414,0.7171244312013223,0.0072318409233353914
640,Hann,27,0.5301437602932776,0.7362514980385745,0.008321373337193046
640,Hann,28,0.5497787143782138,0.7547386112340821,0.008335786550158965
640,Hann,29,0.56941366846315,0.766862256295231,0.001718177151025464
640,Hann,30,0.5890486225480862,0.7722998441493072,0.005614242299817062
640,Hann,31,0.6086835766330224,0.780615662764942,0.007539887974541311
640,Hann,32,0.6283185307179586,0.7993971666806806,0.003938508515957673
640,Hann,33,0.6479534848028948,0.7981321122619652,0.006227776910491029
640,Hann,34,0.667588438887831,0.7904717710166089,0.014325559870493011
640,Hann,35,0.6872233929727672,0.7989290733030444,0.007257779452685814
640,Hann,36,0.7068583470577035,0.8026577738792465,0.0042907135381638865
640,Hann,37,0.7264933011426397,0.816968800330056,0.007178478419881404
640,Hann,38,0.7461282552275759,0.8269594816542889,0.004515780084720564
640,Hann,39,0.7657632093125121,0.8257564265926151,0.007122356221606977
640,Hann,40,0.7853981633974483,0.8176114839471155,0.00547446633110105
640,Hann,41,0.8050331174823844,0.8223363250225769,0.0060708037188380495
640,Hann,42,0.8246680715673207,0.8198546083110966,0.0044542177339131715
640,Hann,43,0.8443030256522569,0.8278722678959242,0.009312442026383542
640,Hann,44,0.863937979737193,0.8360280242594373,0.011832469302112755
640,Hann,45,0.8835729338221293,0.8452820866560451,0.010956778786668233
640,Hann,46,0.9032078879070655,0.8440464855260589,0.009059780974214861
640,Hann,47,0.9228428419920018,0.8467149265550061,0.00018151769385855806
640,Hann,48,0.9424777960769379,0.8413663290142885,0.0034425186525481807
640,Hann,49,0.962112750161874,0.8430099934950747,0.005729862804933921
640,Hann,50,0.9817477042468103,0.8377760714016927,0.0029741138606508488
640,Hann,51,1.0013826583317464,0.850661323479633,0.003062491545694897
640,Hann,52,1.0210176124166828,0.8520485924208457,0.002607367577442062
640,Hann,53,1.040652566501619,0.8464564990098816,0.0016685158329006688
640,Hann,54,1.0602875205865552,0.8445708677322171,0.007634562334883128
640,Hann,55,1.0799224746714915,0.8474171035309436,0.010689201491789082
640,Hann,56,1.0995574287564276,0.8547597552413321,0.004829629736748592
640,Hann,57,1.1191923828413637,0.8583661765252266,0.0029082521003120586
640,Hann,58,1.1388273369263,0.8653722342680835,0.005074332985022744
640,Hann,59,1.158462291011236,0.8498914696965446,0.005171541795030173
640,Hann,60,1.1780972450961724,0.8539095283497283,0.004360908060112055
640,Hann,61,1.1977321991811087,0.860089839329872,0.007441227633939484
640,Hann,62,1.2173671532660448,0.8621342831783192,0.00775518665433105
640,Hann,63,1.2370021073509812,0.8650823512111468,0.005487765538901498
768,rect,1,0.016362461737446838,0.012111526706697606,0.00019589748742664565
768,rect,2,0.032724923474893676,0.021609733049200972,0.00018687992076024822
768,rect,3,0.04908738521234052,0.036719526520076574,0.0003931319064137876
768,rect,4,0.06544984694978735,0.05699082257298401,0.0009324291937982813
768,rect,5,0.0818123086872342,0.07998041276173255,0.00028967845627084974
768,rect,6,0.09817477042468103,0.1094142319417694,0.0024410798436298314
768,rect,7,0.11453723216212787,0.1397529410750762,0.004471787532241167
768,rect,8,0.1308996938995747,0.17438782273608555,0.002652430104988529
768,rect,9,0.14726215563702155,0.206676746232524,0.005828749801600347
768,rect,10,0.1636246173744684,0.2410540066982275,0.004468609208292329
768,rect,11,0.17998707911191522,0.2870451721246479,0.0027152410642851373
768,rect,12,0.19634954084936207,0.31127000069705696,0.0012645679319750586
768,rect,13,0.21271200258680892,0.3536052103730312,0.0022598749986885718
768,rect,14,0.22907446432425574,0.38387581186850867,0.0038072357927934966
768,rect,15,0.24543692606170256,0.417625017363596,0.007863677142979914
768,rect,16,0.2617993877991494,0.4599166180615814,0.004949471838950666
768,rect,17,0.2781618495365963,0.4768227950591475,0.009827845514942049
768,rect,18,0.2945243112740431,0.494020041800689,0.006054749839697071
768,rect,19,0.3108867730114899,0.5191352132641452,0.004755884164613171
768,rect,20,0.3272492347489368,0.545245662132846,0.007813690188684616
768,rect,21,0.3436116964863836,0.5693983086638094,0.010063219280426774
768,rect,22,0.35997415822383044,0.6077437992870224,0.010992545688289352
768,rect,23,0.37633661996127726,0.6220214703847817,0.004127920731932502
768,rect,24,0.39269908169872414,0.6409674907429466,0.00671942879924421
768,rect,25,0.409061543436171,0.6595392732307795,0.0014285773291373995
768,rect,26,0.42542400517361784,0.6711197914383696,0.0041423503575080895
768,rect,27,0.44178646691106466,0.6731221067974102,0.00664732002286044
768,rect,28,0.4581489286485115,0.7055197459269577,0.002172379336012144
768,rect,29,0.47451139038595835,0.7080971466758915,0.013815822534196854
768,rect,30,0.4908738521234051,0.7337750626828131,0.003056938101754277
768,rect,31,0.507236313860852,0.7318568840063083,0.00501993906702305
768,rect,32,0.5235987755982988,0.7422258045576177,0.007598323279200412
768,rect,33,0.5399612373357457,0.7429731054704121,0.006568238928217658
768,rect,34,0.5563236990731926,0.7589475586771184,0.0020899821030239663
768,rect,35,0.5726861608106394,0.7724626098630415,0.007611477828393784
768,rect,36,0.5890486225480862,0.7754941970401324,0.002098616056522423
768,rect,37,0.605411084285533,0.7812257174153632,0.0013730009679072573
768,rect,38,0.6217735460229799,0.8042803509021433,0.004777724417818193
768,rect,39,0.6381360077604267,0.8068950360752792,0.0066230622448648
768,rect,40,0.6544984694978736,0.7887537420743675,0.014481433914420335
768,rect,41,0.6708609312353203,0.7954751609738256,0.005749906496991585
768,rect,42,0.6872233929727672,0.7932108010920716,0.00539989046287348
768,rect,43,0.7035858547102141,0.810400744404538,0.00302737845308688
768,rect,44,0.7199483164476609,0.815007636437735,0.005359166974962511
768,rect,45,0.7363107781851078,0.8156319397078171,0.006482463998737027
768,rect,46,0.7526732399225545,0.8181654364104105,0.010160847422796259
768,rect,47,0.7690357016600015,0.8183130333345522,0.008989176614564451
768,rect,48,0.7853981633974483,0.8213605594304846,0.004502730008683766
768,rect,49,0.8017606251348951,0.831324776172138,0.010318319408533614
768,rect,50,0.818123086872342,0.8272947074962943,0.004051113146150225
768,rect,51,0.8344855486097887,0.8303509709831088,0.003207806667540868
768,rect,52,0.8508480103472357,0.832011562392648,0.009411547592174484
768,rect,53,0.8672104720846825,0.8397040947625038,0.006795790555475724
768,rect,54,0.8835729338221293,0.8388735342759576,0.0022745532208033503
768,rect,55,0.8999353955595762,0.8341768523281347,0.00683976414297959
768,rect,56,0.916297857297023,0.8414253934001498,0.0034602079894270558
768,rect,57,0.9326603190344698,0.8436206468419606,0.003335534486987657
768,rect,58,0.9490227807719167,0.8501517510206353,0.003030830344172728
768,rect,59,0.9653852425093635,0.8484227063949538,0.0072396762114790994
768,rect,60,0.9817477042468102,0.8406497144044485,0.009094851851645953
768,rect,61,0.9981101659842572,0.8485672286621352,0.0018244550266212265
768,rect,62,1.014472627721704,0.84945731782945,0.007476324079777411
768,rect,63,1.030835089459151,0.8407933555441005,0.009031010603406345
768,rect,64,1.0471975511965976,0.8470358913651141,0.00778449782184863
768,Hann,2,0.032724923474893676,0.013831216691401986,0.0003586495103718164
768,Hann,3,0.04908738521234052,0.029292585498387095,0.0003863967864183301
768,Hann,4,0.06544984694978735,0.049647204128876105,0.0006515264965661147
768,Hann,5,0.0818123086872342,0.07547933225360247,0.00011876626657096109
768,Hann,6,0.09817477042468103,0.10307822703310192,0.00046502550414940705
768,Hann,7,0.11453723216212787,0.14044571603635983,0.0029313643781598226
768,Hann,8,0.1308996938995747,0.17401630529014323,0.0034531392591023026
768,Hann,9,0.14726215563702155,0.20412362690418254,0.004136759701271185
768,Hann,10,0.1636246173744684,0.23693781942454292,0.001234381462858233
768,Hann,11,0.17998707911191522,0.2756842520724894,0.0019670434113560013
768,Hann,12,0.19634954084936207,0.30891928566574156,0.0015295189521927631
768,Hann,13,0.21271200258680892,0.3482087216073377,0.005345225307653989
768,Hann,14,0.22907446432425574,0.38579012380073135,0.005178816610083518
768,Hann,15,0.24543692606170256,0.41777428291412216,0.0071444848060981106
768,Hann,16,0.2617993877991494,0.45051586578584296,0.003792341751258555
768,Hann,17,0.2781618495365963,0.47517743784330246,0.007017334563403242
768,Hann,18,0.2945243112740431,0.49738573316335194,0.0021432674529230796
768,Hann,19,0.3108867730114899,0.5208444324688876,0.00538622248313462
768,Hann,20,0.3272492347489368,0.5409329910549138,0.004803399961052415
768,Hann,21,0.3436116964863836,0.5685901415880293,0.003244177015863735
768,Hann,22,0.35997415822383044,0.6034642122130939,0.005302495431914425
768,Hann,23,0.37633661996127726,0.6201761173605115,0.0045133012769732195
768,Hann,24,0.39269908169872414,0.6445442512967828,0.0025705542975995367
768,Hann,25,0.409061543436171,0.6538400620569377,0.005824508848296838
768,Hann,26,0.42542400517361784,0.6742089608408458,0.00741856978346583
768,Hann,27,0.44178646691106466,0.6818268169517993,0.011572649994988084
768,Hann,28,0.4581489286485115,0.7082200078990386,0.007402072259944179
768,Hann,29,0.47451139038595835,0.7114690668806462,0.010704412918456929
768,Hann,30,0.4908738521234051,0.7197509489286161,0.009980548010440632
768,Hann,31,0.507236313860852,0.7304811547148423,0.002385414734903088
768,Hann,32,0.5235987755982988,0.7422070307951355,0.00688424316652325
768,Hann,33,0.5399612373357457,0.7453731727892716,0.005093756556353722
768,Hann,34,0.5563236990731926,0.760376144583261,0.004461568872819823
768,Hann,35,0.5726861608106394,0.7792819288761507,0.0038674275020483344
768,Hann,36,0.5890486225480862,0.7791318740869818,0.0008359222965309628
768,Hann,37,0.605411084285533,0.7843185276281202,0.006478505622996415
768,Hann,38,0.6217735460229799,0.8021082056859855,0.009059237445435195
768,Hann,39,0.6381360077604267,0.8020113812646942,0.006172232514673917
768,Hann,40,0.6544984694978736,0.7937518818674838,0.011625744142844237
768,Hann,41,0.6708609312353203,0.7945768379091355,0.008159070108128209
768,Hann,42,0.6872233929727672,0.7969499191314405,0.0038513978945676247
768,Hann,43,0.7035858547102141,0.8094460116322729,0.004507024146848794
768,Hann,44,0.7199483164476609,0.8179879492135157,0.006743290379985668
768,Hann,45,0.7363107781851078,0.8191208378478395,0.006458743672789917
768,Hann,46,0.7526732399225545,0.8162168240828486,0.009447731665448999
768,Hann,47,0.7690357016600015,0.8183253846331757,0.010099307119842247
768,Hann,48,0.7853981633974483,0.8251863695117332,0.005060157194942536
768,Hann,49,0.8017606251348951,0.8303500417118377,0.006877313462000028
768,Hann,50,0.818123086872342,0.8346753197780444,0.008758045614234978
768,Hann,51,0.8344855486097887,0.8378150356551024,0.005317362858185695
768,Hann,52,0.8508480103472357,0.8377373134482111,0.003819269186499756
768,Hann,53,0.8672104720846825,0.8359964614419333,0.0020858242340432813
768,Hann,54,0.8835729338221293,0.8388945986006462,0.004957159507828997
768,Hann,55,0.8999353955595762,0.837609310695722,0.006388566691122512
768,Hann,56,0.916297857297023,0.8404912870287955,0.002648349253015275
768,Hann,57,0.9326603190344698,0.8507745819984197,0.003144393335725589
768,Hann,58,0.9490227807719167,0.860549578344326,0.004847533566863774
768,Hann,59,0.9653852425093635,0.8502911805728911,0.0109040660196924
768,Hann,60,0.9817477042468102,0.8422342382841821,0.008008835897136048
768,Hann,61,0.9981101659842572,0.8512667458618933,0.0033880201853650487
768,Hann,62,1.014472627721704,0.8476647095913844,0.004385833186113238
768,Hann,63,1.030835089459151,0.8395383775748879,0.005270066425036987
1024,rect,1,0.01227184630308513,0.00841675500150233,8.72392853282039e-05
1024,rect,2,0.02454369260617026,0.01366410794650224,8.902136561510294e-05
1024,rect,3,0.03681553890925539,0.021641430191912628,0.00018768032290911727
1024,rect,4,0.04908738521234052,0.033682351006476346,0.0007156297946986184
1024,rect,5,0.06135923151542565,0.04921375126555344,0.0007313834512890076
1024,rect,6,0.07363107781851078,0.06586211105294887,0.0005720202975865073
1024,rect,7,0.0859029241215959,0.08610789145672172,0.0012292881710265486
1024,rect,8,0.09817477042468103,0.10720686580581996,0.0007005139586461596
1024,rect,9,0.11044661672776616,0.13067754414572888,0.0012802865878860053
1024,rect,10,0.1227184630308513,0.15885432373164945,0.0015471091473468032
1024,rect,11,0.1349903093339364,0.1827570992188434,0.002350660620555109
1024,rect,12,0.14726215563702155,0.20666456132643887,0.0007444485751726337
1024,rect,13,0.1595340019401067,0.23559568129139266,0.002286132859101652
1024,rect,14,0.1718058482431918,0.2633002050975726,0.002410434042484587
1024,rect,15,0.18407769454627693,0.2916711146924155,0.0038118283458118416
1024,rect,16,0.19634954084936207,0.3229993723352881,0.005320650326625617
1024,rect,17,0.2086213871524472,0.33706574322453825,0.00397655150682142
1024,rect,18,0.22089323345553233,0.3706200332675306,0.0011809077819416943
1024,rect,19,0.23316507975861744,0.3939513589618105,0.006044429830405115
1024,rect,20,0.2454369260617026,0.41075910103747476,0.004334437183567827
1024,rect,21,0.25770877236478773,0.4381306687885094,0.0036708890330987344
1024,rect,22,0.2699806186678728,0.46891910836847006,0.0041844901411485
1024,rect,23,0.28225246497095796,0.48520699059095246,0.005351302631474986
1024,rect,24,0.2945243112740431,0.5143359195226026,0.004527725716756753
1024,rect,25,0.30679615757712825,0.5288061081149814,0.008070560880597977
1024,rect,26,0.3190680038802134,0.5371578171587227,0.0030606436925894208
1024,rect,27,0.3313398501832985,0.5581430979760106,0.003630396956301871
1024,rect,28,0.3436116964863836,0.5769396428435735,0.004730373829505177
1024,rect,29,0.35588354278946877,0.5881680946566116,0.005596072289719265
1024,rect,30,0.36815538909255385,0.6109449658485064,0.0029098730441598497
1024,rect,31,0.380427235395639,0.6290210811277418,0.0027290194289198108
1024,rect,32,0.39269908169872414,0.635273859542315,0.008371455380870385
1024,rect,33,0.4049709280018093,0.6475870511268352,0.006010347951619382
1024,rect,34,0.4172427743048944,0.6627442962595865,0.010423536134185037
1024,rect,35,0.4295146206079795,0.6700306573539624,0.009582253014526587
1024,rect,36,0.44178646691106466,0.6911993521348109,0.006702062392271305
1024,rect,37,0.4540583132141498,0.6973526076030003,0.0055322125261911045
1024,rect,38,0.4663301595172349,0.6930650519848597,0.0022323776752907216
1024,rect,39,0.47860200582032003,0.7154759949789172,0.0038815794525308865
1024,rect,40,0.4908738521234052,0.7191258573500648,0.006285468350284262
1024,rect,41,0.5031456984264903,0.7204431765135378,0.0063749321906219954
1024,rect,42,0.5154175447295755,0.7302335247084066,0.0030343044001473413
1024,rect,43,0.5276893910326605,0.7434017351217607,0.005609010046459591
1024,rect,44,0.5399612373357456,0.7557670032708016,0.007772381272885645
1024,rect,45,0.5522330836388308,0.7495102927303186,0.00568587327218557
1024,rect,46,0.5645049299419159,0.7693307238583643,0.0048988840669242015
1024,rect,47,0.5767767762450011,0.7733988239672129,0.0059625664288151265
1024,rect,48,0.5890486225480862,0.7655876849981665,0.007226042326402121
1024,rect,49,0.6013204688511713,0.7778942344475922,0.0045969844971887825
1024,rect,50,0.6135923151542565,0.7738504790176073,0.006506675353736087
1024,rect,51,0.6258641614573416,0.788521453752194,0.00590524419228484
1024,rect,52,0.6381360077604268,0.78927186135797,0.0027823754366752074
1024,rect,53,0.6504078540635119,0.7936566067113441,0.009652780144372507
1024,rect,54,0.662679700366597,0.8036655845746731,0.008694008016566111
1024,rect,55,0.6749515466696822,0.8064614195740137,0.005270218220267446
1024,rect,56,0.6872233929727672,0.8047043281366779,0.0033849582755788015
1024,rect,57,0.6994952392758523,0.8099455872770388,0.005086540343614617
1024,rect,58,0.7117670855789375,0.8119150721688095,0.0048368459648780275
1024,rect,59,0.7240389318820226,0.8079138388040291,0.0065175135122036406
1024,rect,60,0.7363107781851077,0.8119857638675269,0.002476280536325429
1024,rect,61,0.7485826244881929,0.8138018854055953,0.0022451176990493462
1024,rect,62,0.760854470791278,0.817845800422974,0.0037310262038681248
1024,rect,63,0.7731263170943632,0.8204365398123521,0.005810445102797579
1024,rect,64,0.7853981633974483,0.8292124671282979,0.004847456818508617
1024,Hann,2,0.02454369260617026,0.0075712921746958275,6.855917973392823e-05
1024,Hann,3,0.03681553890925539,0.016134462868857606,0.0003433323443473972
1024,Hann,4,0.04908738521234052,0.02798011921146855,0.0008125988868203786
1024,Hann,5,0.06135923151542565,0.042590956307144136,0.0010627043949701122
1024,Hann,6,0.07363107781851078,0.06023917661969495,0.0003003796628117252
1024,Hann,7,0.0859029241215959,0.08114126850904958,0.0013664043190107853
1024,Hann,8,0.09817477042468103,0.10452409346370423,0.0010427108746392606
1024,Hann,9,0.11044661672776616,0.1303854860340445,0.0009996373836514295
1024,Hann,10,0.1227184630308513,0.15725279127224653,0.00032919159026770873
1024,Hann,11,0.1349903093339364,0.17916485767824955,0.0031489589690775976
1024,Hann,12,0.14726215563702155,0.2039844693120262,0.002223370175004195
1024,Hann,13,0.1595340019401067,0.228198211759525,0.0018538700005248654
1024,Hann,14,0.1718058482431918,0.2571504184721143,0.001575464537678061
1024,Hann,15,0.18407769454627693,0.2834466819115747,0.004775251217725667
1024,Hann,16,0.19634954084936207,0.3159467768058053,0.002377356538131945
1024,Hann,17,0.2086213871524472,0.3392119143679708,0.00048619232039387623
1024,Hann,18,0.22089323345553233,0.3662719059737119,0.0004471365263015753
1024,Hann,19,0.23316507975861744,0.3908577310379706,0.0031318278882530672
1024,Hann,20,0.2454369260617026,0.41147112282336756,0.004684737307735115
1024,Hann,21,0.25770877236478773,0.4388888577464351,0.007083195796558295
1024,Hann,22,0.2699806186678728,0.4683977455326161,0.005407484537219965
1024,Hann,23,0.28225246497095796,0.48798561542504076,0.007168348207827551
1024,Hann,24,0.2945243112740431,0.5108324826338232,0.0031745020061341926
1024,Hann,25,0.30679615757712825,0.5261424103646727,0.006119490567553444
1024,Hann,26,0.3190680038802134,0.5364384626993252,0.010299916594056107
1024,Hann,27,0.3313398501832985,0.5498985187979811,0.005796581091533548
1024,Hann,28,0.3436116964863836,0.5716286837016348,0.005862609747783662
1024,Hann,29,0.35588354278946877,0.5820703797199874,0.005356714159378667
1024,Hann,30,0.36815538909255385,0.6115405935998985,0.002527707435819913
1024,Hann,31,0.380427235395639,0.6257163652643438,0.002844505702805573
1024,Hann,32,0.39269908169872414,0.6364097909121299,0.007846864219879941
1024,Hann,33,0.4049709280018093,0.648978448143125,0.005564364856124864
1024,Hann,34,0.4172427743048944,0.6631674384003067,0.004569285328878226
1024,Hann,35,0.4295146206079795,0.6695132174005857,0.007311162743344602
1024,Hann,36,0.44178646691106466,0.6823269896602867,0.008437923933858471
1024,Hann,37,0.4540583132141498,0.7010147601874269,0.0062255020326373285
1024,Hann,38,0.4663301595172349,0.7095813944481622,0.0044980362114175896
1024,Hann,39,0.47860200582032003,0.7119369683565572,0.0033922921065597453
1024,Hann,40,0.4908738521234052,0.7142558901025492,0.00526698002301284
1024,Hann,41,0.5031456984264903,0.7169609558356629,0.008083510557464025
1024,Hann,42,0.5154175447295755,0.7335538616705479,0.003049277269649377
1024,Hann,43,0.5276893910326605,0.7449316926955828,0.0015623436516209227
1024,Hann,44,0.5399612373357456,0.7509729711828094,0.006337922252077795
1024,Hann,45,0.5522330836388308,0.7561371442141162,0.0035541360974566116
1024,Hann,46,0.5645049299419159,0.7698660902905415,0.002767283989117155
1024,Hann,47,0.5767767762450011,0.7708953632726936,0.007262383816422419
1024,Hann,48,0.5890486225480862,0.7703195424680725,0.007089697175475224
1024,Hann,49,0.6013204688511713,0.7755719954432404,0.007549474315160031
1024,Hann,50,0.6135923151542565,0.7771209168597432,0.013810876704779299
1024,Hann,51,0.6258641614573416,0.7905959194175344,0.008127193248358944
1024,Hann,52,0.6381360077604268,0.7965408774413337,0.006712769240231741
1024,Hann,53,0.6504078540635119,0.8011089447584009,0.01191775214369284
1024,Hann,54,0.662679700366597,0.8086230992224778,0.010271389850804013
1024,Hann,55,0.6749515466696822,0.8107947154826354,0.003365968718677674
1024,Hann,56,0.6872233929727672,0.8088069889429964,0.0038128585434324554
1024,Hann,57,0.6994952392758523,0.8184176491304506,0.0032923268483117827
1024,Hann,58,0.7117670855789375,0.8157369295615124,0.003404774877233413
1024,Hann,59,0.7240389318820226,0.8125999941000267,0.001199090045018073
1024,Hann,60,0.7363107781851077,0.8071733815006481,0.00060310152139243
1024,Hann,61,0.7485826244881929,0.8093258576936327,0.003169043045919073
1024,Hann,62,0.760854470791278,0.826559075509517,0.0062039365449588985
1024,Hann,63,0.7731263170943632,0.8303297894941671,0.005843746817888518
2048,rect,1,0.006135923151542565,0.003767417987715771,1.70621485470392e-05
2048,rect,2,0.01227184630308513,0.0050754664003306174,5.2348297700539155e-05
2048,rect,3,0.018407769454627694,0.007291327249483607,5.1197804802402806e-05
2048,rect,4,0.02454369260617026,0.010335129737053821,0.00011339978379872197
2048,rect,5,0.030679615757712823,0.014187749254225425,0.00017041526474429865
2048,rect,6,0.03681553890925539,0.01890007090457305,8.445589460571125e-05
2048,rect,7,0.04295146206079795,0.025153241322509217,0.0003875331645984516
2048,rect,8,0.04908738521234052,0.03113293957080407,0.00024633834390422603
2048,rect,9,0.05522330836388308,0.03867818010483108,0.00024659687213433125
2048,rect,10,0.06135923151542565,0.04610292542465217,0.00022626293111225313
2048,rect,11,0.0674951546669682,0.05506394898057342,0.0009736977842765813
2048,rect,12,0.07363107781851078,0.0633904001165616,0.0005177165950296526
2048,rect,13,0.07976700097005335,0.07271200417483113,0.000830187809104047
2048,rect,14,0.0859029241215959,0.0841109831664924,0.0003778494647154106
2048,rect,15,0.09203884727313846,0.0942824778273376,0.0004872034060947185
2048,rect,16,0.09817477042468103,0.10630019657316903,0.001085641261634075
2048,rect,17,0.1043106935762236,0.11599493417710627,0.0008575054595380045
2048,rect,18,0.11044661672776616,0.1284358631405902,0.0004566741007443208
2048,rect,19,0.11658253987930872,0.1422852680394472,0.0010034796246438766
2048,rect,20,0.1227184630308513,0.15409611478602883,0.0010585545538404904
2048,rect,21,0.12885438618239387,0.16799343214468096,0.000995602088209925
2048,rect,22,0.1349903093339364,0.18181042196155714,0.00022433191099286597
2048,rect,23,0.14112623248547898,0.19512125916813758,0.00021854190784183902
2048,rect,24,0.14726215563702155,0.20258399534982377,0.003779532282901233
2048,rect,25,0.15339807878856412,0.22073827776819574,0.002474940035214968
2048,rect,26,0.1595340019401067,0.23259732163511937,0.00187601576824104
2048,rect,27,0.16566992509164924,0.24976928487421088,0.002629491915566527
2048,rect,28,0.1718058482431918,0.2648109766516304,0.00024985487867100963
2048,rect,29,0.17794177139473438,0.27724697847785756,0.0027310638352555957
2048,rect,30,0.18407769454627693,0.28636568831952774,0.0013022536508984117
2048,rect,31,0.1902136176978195,0.30629240020622656,0.0020172668244661366
2048,rect,32,0.19634954084936207,0.31667539143554135,0.0009358076328067529
2048,rect,33,0.20248546400090464,0.3278307496266775,0.0006919298237901111
2048,rect,34,0.2086213871524472,0.34539653122409675,0.0020801879683869334
2048,rect,35,0.21475731030398976,0.35328827398044743,0.004579037335840385
2048,rect,36,0.22089323345553233,0.3672756868372105,0.0025045140015709853
2048,rect,37,0.2270291566070749,0.3765037351079368,0.0015181738157871944
2048,rect,38,0.23316507975861744,0.391182838350814,0.0017699263336577677
2048,rect,39,0.23930100291016002,0.4107696999758395,0.0017954239827367923
2048,rect,40,0.2454369260617026,0.41540525222103253,0.0012862369720746678
2048,rect,41,0.25157284921324513,0.428538426319967,0.0011271139437770852
2048,rect,42,0.25770877236478773,0.44029834909039506,0.0028266035564548436
2048,rect,43,0.2638446955163303,0.4550767257018677,0.002729631866917971
2048,rect,44,0.2699806186678728,0.45345082378630525,0.004096785387267784
2048,rect,45,0.2761165418194154,0.47830161081165373,0.004917053706907786
2048,rect,46,0.28225246497095796,0.49102224370495007,0.004170515460720895
2048,rect,47,0.28838838812250056,0.4892305291358651,0.008075851964253842
2048,rect,48,0.2945243112740431,0.509734973217661,0.004396801964823109
2048,rect,49,0.30066023442558565,0.5171284605004206,0.0024835141433307614
2048,rect,50,0.30679615757712825,0.5253334118718853,0.0009555483785555189
2048,rect,51,0.3129320807286708,0.532534828582507,0.003283236979827132
2048,rect,52,0.3190680038802134,0.5421854155064944,0.007006831081275834
2048,rect,53,0.32520392703175593,0.558357619438313,0.0032063161765290764
2048,rect,54,0.3313398501832985,0.5509691572468609,0.0018955495332311652
2048,rect,55,0.3374757733348411,0.5667407243010131,0.0020227138945441885
2048,rect,56,0.3436116964863836,0.5863601506163553,0.008103548146423252
2048,rect,57,0.34974761963792617,0.5864102360016192,0.003385051811705548
2048,rect,58,0.35588354278946877,0.5956209856501292,0.005664901863930501
2048,rect,59,0.3620194659410113,0.6003444728705348,0.0026940270779496397
2048,rect,60,0.36815538909255385,0.6138268238208586,0.005384394089944722
2048,rect,61,0.37429131224409645,0.6167610151597631,0.00461510038411169
2048,rect,62,0.380427235395639,0.623495159560508,0.00474670790750469
2048,rect,63,0.3865631585471816,0.629530468420587,0.007842634830016178
2048,rect,64,0.39269908169872414,0.6440820682111164,0.006462439814586203
2048,Hann,2,0.01227184630308513,0.0019432172560310348,1.5739278777197615e-05
2048,Hann,3,0.018407769454627694,0.0041448211490651655,4.595175911456635e-05
2048,Hann,4,0.02454369260617026,0.0072648085063086966,0.00013304250458644993
2048,Hann,5,0.030679615757712823,0.011122619675848454,0.00012100428633732751
2048,Hann,6,0.03681553890925539,0.016054358062199747,6.068117585790745e-05
2048,Hann,7,0.04295146206079795,0.021996241986819043,0.00040031700061800296
2048,Hann,8,0.04908738521234052,0.028328418547744826,0.0002655020757108514
2048,Hann,9,0.05522330836388308,0.03538644755703981,0.0002559315578629315
2048,Hann,10,0.06135923151542565,0.04319584887080654,0.0006143316675888279
2048,Hann,11,0.0674951546669682,0.05219288785128049,0.0009366368633081038
2048,Hann,12,0.07363107781851078,0.06079461003300402,0.0006309664764037711
2048,Hann,13,0.07976700097005335,0.07024098988222077,0.0004183651048213937
2048,Hann,14,0.0859029241215959,0.08106218660356083,0.0003773850276847065
2048,Hann,15,0.09203884727313846,0.09180405240999123,0.000429305898610824
2048,Hann,16,0.09817477042468103,0.10327612798246495,0.0007726317321840553
2048,Hann,17,0.1043106935762236,0.1132459792156633,0.0006368591645982258
2048,Hann,18,0.11044661672776616,0.12576451840127453,0.00014727261613639724
2048,Hann,19,0.11658253987930872,0.13878178935220667,0.0011550644263860713
2048,Hann,20,0.1227184630308513,0.14995782316255712,0.0009293368385161141
2048,Hann,21,0.12885438618239387,0.16511390813530116,0.0019239783312433143
2048,Hann,22,0.1349903093339364,0.17827451948926068,0.0007551596742949798
2048,Hann,23,0.14112623248547898,0.1927229270040293,0.002314838510660135
2048,Hann,24,0.14726215563702155,0.20668957621425277,0.0038924053697232445
2048,Hann,25,0.15339807878856412,0.22032714002283313,0.0018538585430009768
2048,Hann,26,0.1595340019401067,0.23440022808712727,0.0006825739915041057
2048,Hann,27,0.16566992509164924,0.25003232528823344,0.002737224322306381
2048,Hann,28,0.1718058482431918,0.26873195715766846,0.0012094607876084948
2048,Hann,29,0.17794177139473438,0.2795683450276581,0.0012379097012185558
2048,Hann,30,0.18407769454627693,0.28710210293945665,0.00025201308011164083
2048,Hann,31,0.1902136176978195,0.3037251637832302,0.0023044968439560687
2048,Hann,32,0.19634954084936207,0.3143987336203724,0.0045610635583634585
2048,Hann,33,0.20248546400090464,0.3273313501967882,0.003418974246522168
2048,Hann,34,0.2086213871524472,0.34306770768839107,0.0056500061682571556
2048,Hann,35,0.21475731030398976,0.3521525759790931,0.0030027063773618128
2048,Hann,36,0.22089323345553233,0.36844359437462765,0.002214882405733874
2048,Hann,37,0.2270291566070749,0.3806056371383369,0.0032633667776209214
2048,Hann,38,0.23316507975861744,0.3949095035804932,0.0013898750619913205
2048,Hann,39,0.23930100291016002,0.40967448546375246,0.001273145334743097
2048,Hann,40,0.2454369260617026,0.419866217407108,0.004134600490372314
2048,Hann,41,0.25157284921324513,0.4297043133188332,0.0016847722126453848
2048,Hann,42,0.25770877236478773,0.44112232833668924,0.0033619497016071733
2048,Hann,43,0.2638446955163303,0.449027090851623,0.002599719921743415
2048,Hann,44,0.2699806186678728,0.45554160677428474,0.0008306184138601632
2048,Hann,45,0.2761165418194154,0.47729099505967015,0.005632754253980196
2048,Hann,46,0.28225246497095796,0.48943640757949236,0.005412862930558767
2048,Hann,47,0.28838838812250056,0.49432719464320973,0.005522176528596029
2048,Hann,48,0.2945243112740431,0.5125369959375725,0.00399931351634882
2048,Hann,49,0.30066023442558565,0.5215636227662664,0.0023717823056421277
2048,Hann,50,0.30679615757712825,0.5272055650397568,0.002527275680660169
2048,Hann,51,0.3129320807286708,0.5306104320028897,0.00549158802071425
2048,Hann,52,0.3190680038802134,0.5454012370827622,0.006584511506117799
2048,Hann,53,0.32520392703175593,0.5556728344516554,0.0006707105420140882
2048,Hann,54,0.3313398501832985,0.5539731597381544,0.0017691796346244518
2048,Hann,55,0.3374757733348411,0.5673912840737636,0.002279470346773536
2048,Hann,56,0.3436116964863836,0.5839764702653806,0.0038493240997076127
2048,Hann,57,0.34974761963792617,0.5910359810366875,0.0051091310613707
2048,Hann,58,0.35588354278946877,0.5954872650556634,0.0015066562902773739
2048,Hann,59,0.3620194659410113,0.6062584445831999,0.002967733099218766
2048,Hann,60,0.36815538909255385,0.6198724717348548,0.0037335893855247487
2048,Hann,61,0.37429131224409645,0.6199617102255417,0.0024879363302372825
2048,Hann,62,0.380427235395639,0.6220707557405251,0.004547329389160819
2048,Hann,63,0.3865631585471816,0.6321669440187527,0.006022479355569309
4096,rect,1,0.0030679615757712823,0.0017569292477735705,1.0081363035390341e-05
4096,rect,2,0.006135923151542565,0.002106521755713835,6.494138528323567e-06
4096,rect,3,0.009203884727313847,0.0026657433660893363,1.4739702484541058e-05
4096,rect,4,0.01227184630308513,0.0034265390135877964,8.587998950385588e-06
4096,rect,5,0.015339807878856412,0.004456869262487913,2.7379734569189845e-05
4096,rect,6,0.018407769454627694,0.005692569229210072,5.379394034462088e-05
4096,rect,7,0.021475731030398976,0.007199292690328321,4.476979125182027e-05
4096,rect,8,0.02454369260617026,0.008688824978903447,3.597790315678818e-05
4096,rect,9,0.02761165418194154,0.010642763794264149,3.063518395382621e-05
4096,rect,10,0.030679615757712823,0.012655173450102085,7.395174043164147e-05
4096,rect,11,0.0337475773334841,0.015188911337735094,0.0002655285837373401
4096,rect,12,0.03681553890925539,0.01740560031313051,0.00022498714127237217
4096,rect,13,0.039883500485026674,0.02012658937534378,0.00014871635308681412
4096,rect,14,0.04295146206079795,0.023216327540061425,0.00013423984094785042
4096,rect,15,0.04601942363656923,0.026200858433975446,0.00021997785956493895
4096,rect,16,0.04908738521234052,0.02925868598258743,0.00023378073293975509
4096,rect,17,0.0521553467881118,0.033059063936269284,3.8795324884382604e-05
4096,rect,18,0.05522330836388308,0.036823436328639124,0.00023913598020655928
4096,rect,19,0.05829126993965436,0.04046614224829023,0.0002693292294703116
4096,rect,20,0.06135923151542565,0.04448691376668457,0.0003330719433998093
4096,rect,21,0.06442719309119693,0.048885524427724945,0.00036335289055397903
4096,rect,22,0.0674951546669682,0.05261178708195094,0.0005324367703162348
4096,rect,23,0.07056311624273949,0.05667973652270005,0.0003629985669343312
4096,rect,24,0.07363107781851078,0.06217502244093359,0.00017345741894711776
4096,rect,25,0.07669903939428206,0.06683096656658387,0.0003881348947585861
4096,rect,26,0.07976700097005335,0.07214896305263312,0.0004450625245442065
4096,rect,27,0.08283496254582462,0.07664913702378434,0.0003202065399948353
4096,rect,28,0.0859029241215959,0.08141465282861414,0.0006093178472043269
4096,rect,29,0.08897088569736719,0.08760996500687379,0.0004527870430059196
4096,rect,30,0.09203884727313846,0.09286853719281336,0.0006423099920088677
4096,rect,31,0.09510680884890975,0.09889214685988879,0.0003778646142582916
4096,rect,32,0.09817477042468103,0.10349014214133295,0.0008011778990629349
4096,rect,33,0.10124273200045232,0.11036356989181849,0.00015877961997019338
4096,rect,34,0.1043106935762236,0.1158795397516792,0.0010915074429256146
4096,rect,35,0.10737865515199488,0.12241222827784941,0.000772128994809391
4096,rect,36,0.11044661672776616,0.1264012254875483,0.0005086006645809814
4096,rect,37,0.11351457830353745,0.13350623991554758,0.001141093730169096
4096,rect,38,0.11658253987930872,0.140252477101972,0.0009120164730552186
4096,rect,39,0.11965050145508001,0.15063585334536775,0.0007063113122652473
4096,rect,40,0.1227184630308513,0.15296772971637743,0.0015958609589969608
4096,rect,41,0.12578642460662257,0.1592763303385748,0.0006217079366816587
4096,rect,42,0.12885438618239387,0.16962365127241355,0.0017422829373914715
4096,rect,43,0.13192234775816514,0.17243632836463055,0.0006734035816716987
4096,rect,44,0.1349903093339364,0.18217737316668967,0.0013568031932630993
4096,rect,45,0.1380582709097077,0.18628308211031333,0.0011496146073910292
4096,rect,46,0.14112623248547898,0.19334954530945217,0.0009298079397113997
4096,rect,47,0.14419419406125028,0.20060549307198597,0.0023562233927954847
4096,rect,48,0.14726215563702155,0.20403870340535943,0.00018781681677175864
4096,rect,49,0.15033011721279282,0.21414739626070634,0.001682411077575663
4096,rect,50,0.15339807878856412,0.22194527140395107,0.0004144705862569991
4096,rect,51,0.1564660403643354,0.22942581195145004,0.0010077564664250625
4096,rect,52,0.1595340019401067,0.23342199445084308,0.0015156363637448258
4096,rect,53,0.16260196351587797,0.24281193804154363,0.002327782342156504
4096,rect,54,0.16566992509164924,0.24944151000556603,0.0012085945452871272
4096,rect,55,0.16873788666742054,0.2536970020762134,0.0003004368438623218
4096,rect,56,0.1718058482431918,0.2589722623768665,0.0011709247131047567
4096,rect,57,0.17487380981896308,0.26595606380408093,0.0013360842587078292
4096,rect,58,0.17794177139473438,0.278119838095354,0.0004485569359233959
4096,rect,59,0.18100973297050565,0.2799278053502832,0.0013334940280189424
4096,rect,60,0.18407769454627693,0.2883370306681871,0.001357005223438486
4096,rect,61,0.18714565612204823,0.29626040921053814,0.0028554083726260314
4096,rect,62,0.1902136176978195,0.3022812012043305,0.001269019002538514
4096,rect,63,0.1932815792735908,0.3100796703618469,0.001910112191406551
4096,rect,64,0.19634954084936207,0.31329459093108586,0.0011653968949223066
4096,Hann,2,0.006135923151542565,0.0004870469170114269,7.398841271941105e-06
4096,Hann,3,0.009203884727313847,0.0010523746426233213,1.4099450600621592e-05
4096,Hann,4,0.01227184630308513,0.0018348771038017636,9.150716176961182e-06
4096,Hann,5,0.015339807878856412,0.0028738687020514243,2.1157512469489876e-05
4096,Hann,6,0.018407769454627694,0.004123947994306559,3.061956033024248e-05
4096,Hann,7,0.021475731030398976,0.005565630642577757,5.747634264623676e-05
4096,Hann,8,0.02454369260617026,0.007188143122651119,6.177597823148137e-05
4096,Hann,9,0.02761165418194154,0.00911072328790166,3.307358022104577e-05
4096,Hann,10,0.030679615757712823,0.011135277063051757,0.00015247701684497364
4096,Hann,11,0.0337475773334841,0.013404636654841063,0.00021027938195324666
4096,Hann,12,0.03681553890925539,0.015784259695339063,9.046283892116012e-05
4096,Hann,13,0.039883500485026674,0.018561592326646132,0.00024152255367728738
4096,Hann,14,0.04295146206079795,0.021521185119959707,0.00023054158407213496
4096,Hann,15,0.04601942363656923,0.024518132032540652,0.00017652339351356737
4096,Hann,16,0.04908738521234052,0.027800615512160027,0.00017020746270860385
4096,Hann,17,0.0521553467881118,0.03176596950823156,0.00037400483591463503
4096,Hann,18,0.05522330836388308,0.035511415792088864,0.0002961273032373836
4096,Hann,19,0.05829126993965436,0.03900964688918285,0.000299365821758424
4096,Hann,20,0.06135923151542565,0.0428142319602762,0.00019929881534572455
4096,Hann,21,0.06442719309119693,0.04711285152079649,0.00012920218795326436
4096,Hann,22,0.0674951546669682,0.05091885503611333,0.0005312679875451303
4096,Hann,23,0.07056311624273949,0.055600056987163415,0.00020270202195214897
4096,Hann,24,0.07363107781851078,0.06077474573064684,5.402901345024035e-06
4096,Hann,25,0.07669903939428206,0.06569829211947041,0.000401001433406092
4096,Hann,26,0.07976700097005335,0.07037629441091989,0.00038673225954776326
4096,Hann,27,0.08283496254582462,0.07517063963305019,5.274193678595492e-05
4096,Hann,28,0.0859029241215959,0.08085103302648698,0.00020218562677931187
4096,Hann,29,0.08897088569736719,0.08711017009194603,0.0009402683670962542
4096,Hann,30,0.09203884727313846,0.0925926341273758,0.0009195228278710983
4096,Hann,31,0.09510680884890975,0.09689709840014861,0.0003404829167139549
4096,Hann,32,0.09817477042468103,0.1013234193263789,0.0010467039413761291
4096,Hann,33,0.10124273200045232,0.10921226542246382,0.0005526133679523737
4096,Hann,34,0.1043106935762236,0.11534195791180508,0.0005437388196736444
4096,Hann,35,0.10737865515199488,0.12070270505480708,0.0006554458565774783
4096,Hann,36,0.11044661672776616,0.12567783053644746,0.0009566301461341723
4096,Hann,37,0.11351457830353745,0.1317540941583278,0.0014286527574190607
4096,Hann,38,0.11658253987930872,0.1392054179251672,0.0007193046926548181
4096,Hann,39,0.11965050145508001,0.14672235971840655,0.0010251166292618355
4096,Hann,40,0.1227184630308513,0.15075877314292346,0.0006533579735913923
4096,Hann,41,0.12578642460662257,0.1582093094748276,0.0011637047208413063
4096,Hann,42,0.12885438618239387,0.16773572482982002,0.0010886963008850162
4096,Hann,43,0.13192234775816514,0.17401891478411105,0.0007981345997764649
4096,Hann,44,0.1349903093339364,0.1803145466252187,0.0017861718418872357
4096,Hann,45,0.1380582709097077,0.18496590886210496,0.00036249180044496644
4096,Hann,46,0.14112623248547898,0.1922236511539536,0.0002895424596258906
4096,Hann,47,0.14419419406125028,0.19797995831172702,0.0008518594679990631
4096,Hann,48,0.14726215563702155,0.2034196278839935,0.0014347240693598294
4096,Hann,49,0.15033011721279282,0.21296883022076926,0.0017003421784702103
4096,Hann,50,0.15339807878856412,0.2211437853131171,0.0023117540147123933
4096,Hann,51,0.1564660403643354,0.22654412628293152,0.00353236512559876
4096,Hann,52,0.1595340019401067,0.23343185610284203,0.0030277544712628162
4096,Hann,53,0.16260196351587797,0.2413619773185034,0.001183653464614684
4096,Hann,54,0.16566992509164924,0.24621659499585372,0.0018182643419448528
4096,Hann,55,0.16873788666742054,0.25267470708870077,0.001530120540617905
4096,Hann,56,0.1718058482431918,0.2586859762003168,0.00020465521218345943
4096,Hann,57,0.17487380981896308,0.2658204032972888,0.0019718119656997003
4096,Hann,58,0.17794177139473438,0.27628970923721163,0.0017091075951005327
4096,Hann,59,0.18100973297050565,0.2823938929558607,0.0015806629983701386
4096,Hann,60,0.18407769454627693,0.28806585291965825,0.0017114381649925776
4096,Hann,61,0.18714565612204823,0.2938863687174167,0.0010849715219378932
4096,Hann,62,0.1902136176978195,0.3018090463809044,0.0006745266444900525
4096,Hann,63,0.1932815792735908,0.30946727968619464,0.0021820807088814356
