Lc,window,band,n_modes,q_min,q_max,alpha,alpha_SEM,alpha_naive,log_RMSE,boundary
128,rect,m2_to_m8,7,0.19634954084936207,0.7853981633974483,0.6553083664476459,0.020480908652483792,0.6553083664476459,0.07190188097842375,False
128,rect,qmax_0.05,0,,,,,,,False
128,rect,qmax_0.08,0,,,,,,,False
128,rect,qmax_0.1,0,,,,,,,False
128,rect,qmax_0.15,0,,,,,,,False
128,Hann,m2_to_m8,7,0.19634954084936207,0.7853981633974483,0.7271462645908794,0.03254314663303848,0.7336853972562033,0.08617127592055905,False
128,Hann,qmax_0.05,0,,,,,,,False
128,Hann,qmax_0.08,0,,,,,,,False
128,Hann,qmax_0.1,0,,,,,,,False
128,Hann,qmax_0.15,0,,,,,,,False
256,rect,m2_to_m8,7,0.09817477042468103,0.39269908169872414,1.1598141089263683,0.03550078482204862,1.1598141089263683,0.05395183547005242,False
256,rect,qmax_0.05,0,,,,,,,False
256,rect,qmax_0.08,0,,,,,,,False
256,rect,qmax_0.1,1,0.09817477042468103,0.09817477042468103,,,,,False
256,rect,qmax_0.15,2,0.09817477042468103,0.14726215563702155,,,,,False
256,Hann,m2_to_m8,7,0.09817477042468103,0.39269908169872414,1.2468015839200748,0.05544681469195057,1.2409481487060172,0.07633537243255266,False
256,Hann,qmax_0.05,0,,,,,,,False
256,Hann,qmax_0.08,0,,,,,,,False
256,Hann,qmax_0.1,1,0.09817477042468103,0.09817477042468103,,,,,False
256,Hann,qmax_0.15,2,0.09817477042468103,0.14726215563702155,,,,,False
384,rect,m2_to_m8,7,0.06544984694978735,0.2617993877991494,1.4303024015885308,0.029905521615636706,1.4303024015885308,0.027953136238018945,False
384,rect,qmax_0.05,0,,,,,,,False
384,rect,qmax_0.08,1,0.06544984694978735,0.06544984694978735,,,,,False
384,rect,qmax_0.1,2,0.06544984694978735,0.09817477042468103,,,,,False
384,rect,qmax_0.15,3,0.06544984694978735,0.1308996938995747,1.5333988879440235,0.029550655479492934,1.5333988879440235,0.012039672037023002,False
384,Hann,m2_to_m8,7,0.06544984694978735,0.2617993877991494,1.5884600410668086,0.03633437025844482,1.5657593663671647,0.039739410348225326,False
384,Hann,qmax_0.05,0,,,,,,,False
384,Hann,qmax_0.08,1,0.06544984694978735,0.06544984694978735,,,,,False
384,Hann,qmax_0.1,2,0.06544984694978735,0.09817477042468103,,,,,False
384,Hann,qmax_0.15,3,0.06544984694978735,0.1308996938995747,1.7693953572020085,0.026361162456228337,1.7092580358454752,0.009337748544381378,False
512,rect,m2_to_m8,7,0.04908738521234052,0.19634954084936207,1.5198042631296789,0.004791008683669526,1.5198042631296789,0.016716177205408488,False
512,rect,qmax_0.05,1,0.04908738521234052,0.04908738521234052,,,,,False
512,rect,qmax_0.08,2,0.04908738521234052,0.07363107781851078,,,,,False
512,rect,qmax_0.1,3,0.04908738521234052,0.09817477042468103,1.5356372842697819,0.0218159123191725,1.5356372842697819,0.008003249823466157,False
512,rect,qmax_0.15,5,0.04908738521234052,0.14726215563702155,1.5190512261572433,0.014210047003232295,1.5190512261572433,0.012693155447725493,False
512,Hann,m2_to_m8,7,0.04908738521234052,0.19634954084936207,1.7355777756007458,0.01084080210081524,1.704649492117111,0.04186698442692711,False
512,Hann,qmax_0.05,1,0.04908738521234052,0.04908738521234052,,,,,False
512,Hann,qmax_0.08,2,0.04908738521234052,0.07363107781851078,,,,,False
512,Hann,qmax_0.1,3,0.04908738521234052,0.09817477042468103,1.9281399755679753,0.04926257358550059,1.850575502567593,0.013465317550404839,False
512,Hann,qmax_0.15,5,0.04908738521234052,0.14726215563702155,1.808751585720238,0.03245634239516982,1.7633062607769454,0.03147915803648235,False
640,rect,m2_to_m8,7,0.039269908169872414,0.15707963267948966,1.5198226471556808,0.01675289167291358,1.5198226471556808,0.028569179215225747,False
640,rect,qmax_0.05,1,0.039269908169872414,0.039269908169872414,,,,,False
640,rect,qmax_0.08,3,0.039269908169872414,0.07853981633974483,1.386305004784911,0.011830439504918936,1.386305004784911,0.010041881468974367,False
640,rect,qmax_0.1,4,0.039269908169872414,0.09817477042468103,1.4572338267335878,0.013133728059193285,1.4572338267335878,0.026583474061495423,False
640,rect,qmax_0.15,6,0.039269908169872414,0.13744467859455345,1.5140481065179272,0.015238550361480483,1.5140481065179272,0.030473974422774164,False
640,Hann,m2_to_m8,7,0.039269908169872414,0.15707963267948966,1.799024832340003,0.02277668701461242,1.7622933907432219,0.016998157350328436,False
640,Hann,qmax_0.05,1,0.039269908169872414,0.039269908169872414,,,,,False
640,Hann,qmax_0.08,3,0.039269908169872414,0.07853981633974483,1.798390204916059,0.013521173524072167,1.7352516491432712,0.010955523674134883,False
640,Hann,qmax_0.1,4,0.039269908169872414,0.09817477042468103,1.8053265529700426,0.020087309590603057,1.7511600035904626,0.009722049580425702,False
640,Hann,qmax_0.15,6,0.039269908169872414,0.13744467859455345,1.8162486844694927,0.020437276759389847,1.7737677245508465,0.012800477803263856,False
768,rect,m2_to_m8,7,0.032724923474893676,0.1308996938995747,1.5190055423612756,0.009112827503136026,1.5190055423612756,0.032126058760244186,False
768,rect,qmax_0.05,2,0.032724923474893676,0.04908738521234052,,,,,False
768,rect,qmax_0.08,3,0.032724923474893676,0.06544984694978735,1.3930427209302738,0.028905982886916953,1.3930427209302738,0.017405753284282427,False
768,rect,qmax_0.1,5,0.032724923474893676,0.09817477042468103,1.473915267682483,0.01364627351821651,1.473915267682483,0.02821699258575111,False
768,rect,qmax_0.15,8,0.032724923474893676,0.14726215563702155,1.5266042810654181,0.011986775290257,1.5266042810654181,0.03083988435052851,False
768,Hann,m2_to_m8,7,0.032724923474893676,0.1308996938995747,1.874792410400643,0.009607224834760338,1.8333768411474207,0.014799004739296925,False
768,Hann,qmax_0.05,2,0.032724923474893676,0.04908738521234052,,,,,False
768,Hann,qmax_0.08,3,0.032724923474893676,0.06544984694978735,1.9216798168751552,0.047081793211544404,1.8442402554672717,0.005095632093369987,False
768,Hann,qmax_0.1,5,0.032724923474893676,0.09817477042468103,1.8884456556843447,0.028445502920822156,1.8351147239196477,0.012246990465213351,False
768,Hann,qmax_0.15,8,0.032724923474893676,0.14726215563702155,1.8460423962487396,0.009177490029688417,1.8105917186267149,0.02768068105746993,False
1024,rect,m2_to_m8,7,0.02454369260617026,0.09817477042468103,1.5153770983054777,0.009983126075232144,1.5153770983054777,0.052512480605288556,False
1024,rect,qmax_0.05,3,0.02454369260617026,0.04908738521234052,1.290607477951655,0.020184802593106666,1.290607477951655,0.03186341449918322,False
1024,rect,qmax_0.08,5,0.02454369260617026,0.07363107781851078,1.44615194653664,0.010313983374696887,1.44615194653664,0.04859823809860835,False
1024,rect,qmax_0.1,7,0.02454369260617026,0.09817477042468103,1.5153770983054777,0.009983126075232144,1.5153770983054777,0.052512480605288556,False
1024,rect,qmax_0.15,11,0.02454369260617026,0.14726215563702155,1.5727104575602655,0.006247574633421811,1.5727104575602655,0.05092794364944024,False
1024,Hann,m2_to_m8,7,0.02454369260617026,0.09817477042468103,1.9418192435261954,0.015578063503031085,1.8954294577657878,0.004937595449418743,False
1024,Hann,qmax_0.05,3,0.02454369260617026,0.04908738521234052,1.9677465796319271,0.03368424097114347,1.8844910411214084,0.0006124141496928398,False
1024,Hann,qmax_0.08,5,0.02454369260617026,0.07363107781851078,1.9481400979592678,0.005270893771216083,1.8892480675924768,0.004721075860246449,False
1024,Hann,qmax_0.1,7,0.02454369260617026,0.09817477042468103,1.9418192435261954,0.015578063503031085,1.8954294577657878,0.004937595449418743,False
1024,Hann,qmax_0.15,11,0.02454369260617026,0.14726215563702155,1.893502796883959,0.008762065537805777,1.8631947991492996,0.03060758106093161,False
2048,rect,m2_to_m8,7,0.01227184630308513,0.04908738521234052,1.3280003151514603,0.006004754124148036,1.3280003151514603,0.0780056350960466,False
2048,rect,qmax_0.05,7,0.01227184630308513,0.04908738521234052,1.3280003151514603,0.006004754124148036,1.3280003151514603,0.0780056350960466,False
2048,rect,qmax_0.08,12,0.01227184630308513,0.07976700097005335,1.4887022344020087,0.002812042303765254,1.4887022344020087,0.09374220859782972,False
2048,rect,qmax_0.1,15,0.01227184630308513,0.09817477042468103,1.540068016959866,0.003171653067272113,1.540068016959866,0.09599586380480828,False
2048,rect,qmax_0.15,23,0.01227184630308513,0.14726215563702155,1.5993631727228668,0.002066169144111149,1.5993631727228668,0.0882373779788736,False
2048,Hann,m2_to_m8,7,0.01227184630308513,0.04908738521234052,1.9899836362490713,0.010936722349961896,1.939766195437179,0.005367208150123391,False
2048,Hann,qmax_0.05,7,0.01227184630308513,0.04908738521234052,1.9899836362490713,0.010936722349961896,1.939766195437179,0.005367208150123391,False
2048,Hann,qmax_0.08,12,0.01227184630308513,0.07976700097005335,1.964749370141371,0.005004693535464893,1.9324495549286511,0.013306975019288438,False
2048,Hann,qmax_0.1,15,0.01227184630308513,0.09817477042468103,1.9492855902358912,0.0024059444620913683,1.9228257488079883,0.017911545703008628,False
2048,Hann,qmax_0.15,23,0.01227184630308513,0.14726215563702155,1.9022544414895828,0.0010985304235143411,1.8850321215719166,0.03534502175114509,False
4096,rect,m2_to_m8,7,0.006135923151542565,0.02454369260617026,1.0410551201811173,0.0031082622723896413,1.0410551201811173,0.08511084451936402,False
4096,rect,qmax_0.05,15,0.006135923151542565,0.04908738521234052,1.3519186968132968,0.006091529884211825,1.3519186968132968,0.13440942268940925,False
4096,rect,qmax_0.08,23,0.006135923151542565,0.07363107781851078,1.4908841329969442,0.0016577781346815916,1.4908841329969442,0.1462857439485453,False
4096,rect,qmax_0.1,23,0.006135923151542565,0.07363107781851078,1.4908841329969442,0.0016577781346815916,1.4908841329969442,0.1462857439485453,False
4096,rect,qmax_0.15,23,0.006135923151542565,0.07363107781851078,1.4908841329969442,0.0016577781346815916,1.4908841329969442,0.1462857439485453,False
4096,Hann,m2_to_m8,7,0.006135923151542565,0.02454369260617026,2.000295301247276,0.014414148532594484,1.9496191619242296,0.005163610857456732,False
4096,Hann,qmax_0.05,15,0.006135923151542565,0.04908738521234052,1.9790960284048487,0.010199932662655077,1.9512317838821802,0.00884638683379455,False
4096,Hann,qmax_0.08,23,0.006135923151542565,0.07363107781851078,1.968687828040798,0.0045420742693117085,1.949041009717014,0.012222837852021346,False
4096,Hann,qmax_0.1,23,0.006135923151542565,0.07363107781851078,1.968687828040798,0.0045420742693117085,1.949041009717014,0.012222837852021346,False
4096,Hann,qmax_0.15,23,0.006135923151542565,0.07363107781851078,1.968687828040798,0.0045420742693117085,1.949041009717014,0.012222837852021346,False
