Lc,blocks_per_seed,block_seconds,max_power_IAT_seconds,block_over_IAT,alpha_bootstrap_p025,alpha_bootstrap_p975,bootstrap_SD,n_bootstrap,note
128,10,900.0,48.39084948454741,18.598557570009095,0.6671904339940895,0.7939084911389488,0.032445386076278775,2000,Conditional block-bootstrap interval; excludes window/range/finite-size model uncertainty.
128,20,450.0,48.39084948454741,9.299278785004548,0.6620656478926311,0.7879685655438979,0.03242066623274602,2000,Conditional block-bootstrap interval; excludes window/range/finite-size model uncertainty.
128,40,225.0,48.39084948454741,4.649639392502274,0.6670946024955428,0.7885166711371049,0.03127166640880865,2000,Conditional block-bootstrap interval; excludes window/range/finite-size model uncertainty.
256,10,1800.0,66.96668524110008,26.87903684525316,1.1845309771641164,1.3141505422271582,0.03326806313431644,2000,Conditional block-bootstrap interval; excludes window/range/finite-size model uncertainty.
256,20,900.0,66.96668524110008,13.43951842262658,1.1905636928250392,1.3019952910938146,0.029523220607809385,2000,Conditional block-bootstrap interval; excludes window/range/finite-size model uncertainty.
256,40,450.0,66.96668524110008,6.71975921131329,1.1892200609269181,1.3046186949620642,0.030130629407092595,2000,Conditional block-bootstrap interval; excludes window/range/finite-size model uncertainty.
384,10,2700.0,60.75002810948238,44.4444238796749,1.5444728566000867,1.6323437072429714,0.02203934687436868,2000,Conditional block-bootstrap interval; excludes window/range/finite-size model uncertainty.
384,20,1350.0,60.75002810948238,22.22221193983745,1.5318374051479338,1.6412187899187696,0.02791635112953325,2000,Conditional block-bootstrap interval; excludes window/range/finite-size model uncertainty.
384,40,675.0,60.75002810948238,11.111105969918725,1.5366325618377858,1.6405013454238693,0.027086039173281708,2000,Conditional block-bootstrap interval; excludes window/range/finite-size model uncertainty.
512,10,3600.0,63.40441820520621,56.77837762581031,1.693433982256979,1.7756732144717982,0.021206799917829804,2000,Conditional block-bootstrap interval; excludes window/range/finite-size model uncertainty.
512,20,1800.0,63.40441820520621,28.389188812905154,1.6899906540068783,1.7814115644778423,0.023321125793355057,2000,Conditional block-bootstrap interval; excludes window/range/finite-size model uncertainty.
512,40,900.0,63.40441820520621,14.194594406452577,1.6895773074517284,1.7846046242413054,0.02412406490788616,2000,Conditional block-bootstrap interval; excludes window/range/finite-size model uncertainty.
640,10,4500.0,61.639009194515275,73.00571600363129,1.7470326115126764,1.84789560351115,0.025728168364498757,2000,Conditional block-bootstrap interval; excludes window/range/finite-size model uncertainty.
640,20,2250.0,61.639009194515275,36.502858001815646,1.7560442807549856,1.841316876530566,0.02160495697651677,2000,Conditional block-bootstrap interval; excludes window/range/finite-size model uncertainty.
640,40,1125.0,61.639009194515275,18.251429000907823,1.7565502499438375,1.8388624845876158,0.02104983259490761,2000,Conditional block-bootstrap interval; excludes window/range/finite-size model uncertainty.
768,10,5400.0,70.1102741343218,77.02152169101964,1.841247926899072,1.9084066133304758,0.017450791111051966,2000,Conditional block-bootstrap interval; excludes window/range/finite-size model uncertainty.
768,20,2700.0,70.1102741343218,38.51076084550982,1.8360159727096859,1.9096177010479598,0.01912114343212091,2000,Conditional block-bootstrap interval; excludes window/range/finite-size model uncertainty.
768,40,1350.0,70.1102741343218,19.25538042275491,1.8379876473158205,1.9100590347014665,0.01849889572131442,2000,Conditional block-bootstrap interval; excludes window/range/finite-size model uncertainty.
1024,10,7200.0,66.65904557705684,108.01234757669774,1.913356155499514,1.9717976592791158,0.014767701353395848,2000,Conditional block-bootstrap interval; excludes window/range/finite-size model uncertainty.
1024,20,3600.0,66.65904557705684,54.00617378834887,1.9127139664792372,1.971805730274972,0.015424692874350485,2000,Conditional block-bootstrap interval; excludes window/range/finite-size model uncertainty.
1024,40,1800.0,66.65904557705684,27.003086894174434,1.904395428834346,1.9789345740488486,0.019417913956892158,2000,Conditional block-bootstrap interval; excludes window/range/finite-size model uncertainty.
2048,10,14400.0,74.86365433691797,192.3496805965941,1.9651987264218846,2.01455767505633,0.012632792977562047,2000,Conditional block-bootstrap interval; excludes window/range/finite-size model uncertainty.
2048,20,7200.0,74.86365433691797,96.17484029829706,1.9676253889190556,2.013172101096658,0.011570816185961045,2000,Conditional block-bootstrap interval; excludes window/range/finite-size model uncertainty.
2048,40,3600.0,74.86365433691797,48.08742014914853,1.9654039040424285,2.0164073890646033,0.013003137656097844,2000,Conditional block-bootstrap interval; excludes window/range/finite-size model uncertainty.
4096,10,28800.0,72.0470133611653,399.7389850933605,1.9777899773048226,2.021671489875352,0.01159789494908358,2000,Conditional block-bootstrap interval; excludes window/range/finite-size model uncertainty.
4096,20,14400.0,72.0470133611653,199.86949254668025,1.9795282619369103,2.0191386825664344,0.009961063190383241,2000,Conditional block-bootstrap interval; excludes window/range/finite-size model uncertainty.
4096,40,7200.0,72.0470133611653,99.93474627334012,1.9807527880991067,2.0197861466829443,0.009848836585124414,2000,Conditional block-bootstrap interval; excludes window/range/finite-size model uncertainty.
