z,x
727.88,6.10128
395.058,9.23047
33.6934,2.25311
26.6268,0.968999
92.5549,12.4966
163.098,12.1325
71.3693,4.29601
569.415,9.37269
270.289,9.68864
687.774,2.64185
509.445,6.55092
785.673,2.7115
107.382,10.7175
792.006,14.3604
481.684,10.5709
830.314,11.1797
24.9834,8.52325
7.01424,15.9829
315.585,14.7233
493.426,1.12728
773.151,0.773388
407.171,1.02696
564.646,5.84982
500.101,15.7814
221.444,14.2766
375.896,8.26756
757.693,1.79442
175.027,4.84456
282.956,13.9533
262.982,9.3586
298.645,10.0722
675.965,4.20057
501.625,3.25157
306.556,4.57923
110.973,11.2714
742.833,12.7429
362.941,2.65688
411.673,13.4417
133.332,1.43466
547.696,5.92455
714.459,13.6537
701.647,8.26428
587.089,5.52335
798.589,2.98419
209.084,3.33186
202.797,10.1966
789.878,1.58029
577.567,8.08029
217.323,10.0649
601.296,1.22334
70.3274,15.1751
191.1,4.35176
132.324,14.6342
822.586,4.2259
674.925,15.7965
366.924,10.6383
391.786,11.8512
72.6927,8.32848
809.807,4.03408
214.082,6.42217
203.439,4.2774
179.618,6.42811
61.2992,8.00901
487.007,12.8184
9.67014,14.4117
488.471,7.31605
429.67,11.0357
259.688,6.40924
640.526,9.79077
347.663,15.6598
105.406,15.8475
515.32,0.224831
256.015,10.1626
269.607,14.2361
619.163,14.15
756.169,13.9571
327.491,5.91229
499.126,14.9514
587.751,10.9115
481.276,13.7022
284.764,11.2503
104.099,6.42239
311.82,4.81551
736.328,9.27535
661.114,7.67134
109.542,3.39336
594.204,8.9197
180.862,1.08991
195.32,6.15579
65.831,11.5109
89.4145,15.333
463.892,15.1019
834.16,12.468
796.985,1.7091
87.1042,3.6665
363.799,11.1274
17.8186,4.90221
692.586,11.4671
739.379,10.416
199.031,4.23896
406.326,2.14754
169.774,5.84836
744.04,1.65393
69.9432,7.4714
173.239,15.7446
746.479,3.66278
376.884,12.3368
292.699,7.09327
535.047,14.5759
734.069,14.9144
632.361,1.11472
356.748,6.85301
12.5328,0.56864
660.315,9.24619
497.6,6.69882
101.232,4.06855
148.457,4.25075
847.389,10.2619
686.818,4.84766
741.984,7.69618
277.831,3.2069
202.529,9.07395
316.399,1.36161
762.393,14.8948
701.551,11.4194
21.9647,12.5083
166.353,2.67845
698.586,12.7007
774.439,15.8493
706.196,9.95719
172.608,10.2333
194.747,2.57525
659.262,13.8009
128.702,8.67759
835.62,14.0993
343.837,12.3949
588.292,0.111092
441.597,15.0619
769.104,11.2575
316.93,11.4134
597.873,12.1206
683.474,9.40304
227.72,4.06683
233.659,1.71433
386.886,11.8825
652.402,0.748388
259.762,11.4223
4.99671,4.11909
777.848,7.32489
544.195,11.7678
840.463,6.9421
263.425,7.27443
680.67,4.01553
379.62,1.76218
329.174,2.78245
478.735,11.6078
796.452,7.77769
705.253,1.10243
837.022,15.0734
530.18,11.9978
219.866,0.544412
413.011,11.4645
338.528,7.09504
220.047,12.7304
811.483,3.92219
57.6044,15.7235
736.862,3.36101
320.93,1.44651
309.9,8.24204
63.5523,4.58727
446.876,1.36364
81.6264,7.10363
762.412,12.7087
333.606,7.19177
500.126,6.59839
785.726,6.82397
227.702,7.30527
802.679,4.87531
604.187,12.6332
727.396,1.47646
641.229,4.60346
477.434,15.9603
762.751,1.00332
223.929,3.8621
546.403,15.5968
330.037,9.44619
475.856,11.0341
279.759,7.59863
119.229,15.4964
609.518,6.97848
284.492,9.52641
846.431,2.63327
626.503,13.1329
28.786,10.289
650.818,11.4201
433.348,6.9128
689.704,13.0326
555.072,3.40456
761.462,13.9745
423.379,12.2875
28.4874,12.0814
521.803,2.26945
455.571,11.2895
747.782,0.52331
586.703,11.3709
368.816,5.89039
386.869,1.5807
351.092,7.34722
384.768,0.870154
121.54,0.592101
834.176,15.6728
79.0818,8.54806
631.755,2.05022
11.5241,10.5322
594.915,7.546
397.185,10.781
440.873,3.61142
328.495,3.6191
151.612,3.38824
259.597,15.9317
392.457,15.8528
833.547,3.48977
519.542,8.31755
801.079,0.468686
611.569,13.8112
458.76,4.72548
627.198,10.846
540.473,15.2075
452.379,1.01456
142.3,12.6286
678.712,14.6108
674.586,4.96044
315.469,1.55317
532.798,9.37696
322.125,3.87179
378.763,5.78734
459.288,15.397
850.593,4.45246
183.328,1.72508
655.268,11.6489
326.276,10.3523
626.987,15.8891
392.173,13.9257
289.953,7.24538
191.208,10.6138
374.967,1.9082
858.508,6.35311
414.306,3.90289
787.94,9.05606
383.507,10.9397
673.183,11.7093
608.06,0.801844
230.343,15.5617
726.082,12.8923
760.697,10.8263
430.414,5.74905
858.521,15.8381
680.872,1.64638
715.632,2.18811
678.175,1.53872
637.882,7.60222
854.287,11.2843
279.736,10.9436
435.977,13.3927
639.047,14.9582
418.966,6.30422
803.108,8.14354
492.903,15.247
373.265,10.3905
671.1,6.33113
489.863,2.59872
439.621,5.75919
483.6,9.40019
821.211,2.25803
509.417,13.8564
619.604,11.3865
130.786,13.4678
245.112,13.7188
153.809,2.39786
231.138,3.53983
810.455,8.52512
382.963,3.45804
647.073,13.2777
342.192,5.03052
672.297,1.09086
632.651,5.735
366.619,14.8534
800.314,6.1883
254.51,0.408644
512.19,2.98228
121.988,1.13247
552.524,3.1573
80.1795,12.4459
470.891,11.2206
691.015,9.87006
200.005,8.73838
451.939,6.48213
388.155,2.93723
710.621,5.26441
93.3985,3.60384
428.926,14.28
362.233,6.60735
23.4523,10.3564
749.848,5.60764
561.57,14.0655
860.381,13.8848
30.8537,14.0745
421.471,15.0862
31.4907,1.11501
255.523,6.39504
20.3885,11.7786
193.846,0.0988886
395.071,2.58322
797.016,2.91247
445.109,2.47205
504.79,8.81487
121.504,15.483
412.308,3.80814
757.805,8.25096
244.306,4.9412
682.931,2.89876
48.9881,2.99316
215.531,5.7722
170.994,6.86377
203.69,8.85305
783.644,6.00899
101.48,1.27193
826.618,14.8382
539.011,1.95612
521.127,6.72099
748.288,5.32166
373.877,13.6086
461.504,1.7217
359.851,13.8824
786.393,11.0074
14.9402,12.2212
228.494,1.67083
724.591,5.17157
28.57,11.235
426.468,14.6413
640.404,13.3557
536.889,9.70157
242.463,8.96136
82.4727,14.9812
572.327,3.83037
292.242,2.16813
832.776,4.8443
373.706,7.56637
700.796,3.41521
150.798,11.6644
791.83,15.6448
567.607,10.875
615.618,0.875134
514.505,14.9498
193.045,5.3583
260.669,7.66552
472.133,10.9649
111.575,9.04724
396.145,5.32591
83.6605,3.05497
175.749,5.81706
553.108,8.22763
231.891,9.91059
404.38,14.8608
167.75,1.71338
363.329,15.4734
660.914,14.9024
293.504,7.78299
408.259,9.08371
225.748,4.29544
379.976,12.0436
667.056,2.36254
40.513,3.11741
711.282,2.25102
134.004,7.51698
310.378,15.8954
819.268,0.59302
103.269,10.671
569.419,7.13096
556.281,2.3815
255.846,7.09472
280.756,8.59165
847.337,5.40786
829.425,2.83769
661.652,1.25626
770.544,9.09647
26.7656,8.64973
140.225,9.87451
686.176,1.81068
319.807,12.0212
266.757,7.85857
29.5015,8.26245
657.535,5.88723
244.726,12.5421
102.412,0.649164
650.922,9.69783
714.545,14.9963
820.844,11.584
302.086,3.60985
283.255,15.0313
150.266,15.6586
712.708,6.72358
282.601,1.63802
241.543,3.23975
615.029,3.04243
741.182,9.23504
289.236,12.49
147.959,3.29362
171.799,11.3154
4.53006,15.6127
778.1,0.248405
726.748,13.6034
251.688,13.1693
845.544,12.3413
26.6226,7.52307
501.958,15.0722
190.654,13.6338
86.0277,5.29946
273.395,7.936
447.198,9.8643
503.041,7.72036
643.496,4.56746
384.747,5.07387
242.324,0.759371
494.429,4.04776
446.139,0.40665
261.825,8.82994
393.943,1.45919
447.052,12.1076
27.1379,12.1648
370.827,8.03217
466.769,9.70205
666.823,15.9759
732.865,1.39188
706.178,4.53864
426.624,10.7912
792.842,10.8572
408.498,8.12449
284.054,3.56702
291.16,15.3341
187.3,9.54068
753.945,7.72963
308.441,9.46378
342.474,0.73675
723.179,1.5426
534.831,11.3405
143.707,2.98644
559.172,4.70516
202.414,7.69207
152.254,7.96076
56.1335,9.65242
110.534,4.08842
248.679,4.91932
489.651,7.52508
568.977,0.430437
648.617,6.98763
560.486,14.1957
355.418,10.3319
535.31,8.41606
592.322,9.58469
324.271,14.3174
11.5644,14.1225
317.525,8.02632
568.078,3.13204
617.649,3.39293
700.988,12.7988
329.628,12.4073
634.737,8.24495
539.233,13.5461
37.2768,1.88164
501.543,5.5768
426.8,7.18882
236.507,8.60811
367.948,3.08432
753.833,14.6532
833.251,6.99063
659.873,3.87975
829.458,5.36936
392.959,5.50992
170.552,10.7059
271.598,4.51263
848.574,10.1314
495.743,10.2176
582.042,15.164
508.815,6.15463
792.462,6.15937
225.136,1.28647
384.554,9.36055
218.481,7.69045
622.5,1.33577
625.25,4.19816
517.391,7.18196
137.941,0.575686
236.284,5.00146
465.16,6.88107
56.7709,2.54395
445.889,2.92936
729.234,12.6194
533.608,8.30508
36.2032,4.14194
811.842,2.74634
835.642,5.24551
801.729,2.31571
518.303,1.56567
410.817,6.10486
322.747,8.88415
355.282,6.63647
430.886,13.3774
566.532,3.2992
694.343,3.05033
575.504,9.42658
116.95,9.12871
464.668,14.0529
104.484,5.1308
687.096,10.0945
693.25,13.6405
364.49,4.16418
216.446,5.69932
148.423,8.37886
222.479,2.90335
206.741,7.44899
510.641,2.7268
586.195,0.395358
676.803,10.1842
113.166,9.05532
144.902,1.55015
165.535,10.3123
247.884,1.78626
806.52,14.6337
761.255,11.3605
462.548,1.47636
394.57,3.4929
812.5,12.8569
852.3,12.6325
184.754,5.15324
153.93,5.20141
466.624,6.34633
830.627,8.21125
210.209,9.54859
354.139,13.8146
559.542,8.27933
115.798,5.71704
240.811,12.8158
300.261,2.19226
453.974,9.75254
702.903,12.7118
224.74,13.7277
607.495,7.64172
348.833,10.3965
612.79,14.1087
856.11,6.44532
328.512,11.2259
165.592,0.745562
515.935,13.8466
537.855,14.9676
309.346,11.0409
46.299,0.797594
231.57,15.8502
306.432,15.3652
722.245,0.250341
422.688,14.0125
329.718,2.0757
51.7474,14.9924
366.574,9.68649
776.711,2.74984
410.431,5.20078
65.5416,8.25828
263.137,6.24612
665.446,5.95707
81.0142,9.60749
795.826,10.4067
219.109,15.2331
73.762,3.1565
334.78,2.20846
704.121,4.92527
56.4329,1.37161
739.497,4.27803
37.0026,0.754828
681.784,6.7001
735.06,8.46375
123.566,6.40841
560.792,9.17418
3.05615,15.133
34.3235,8.3287
579.862,11.7646
665.13,9.82627
525.486,10.1053
360.306,10.8564
489.28,3.30065
169.899,1.12927
451.904,8.75369
308.856,2.46025
384.426,10.9742
341.441,2.46435
304.325,10.2447
249.887,9.6216
305.085,4.42326
49.8212,4.13321
854.844,1.55827
597.17,13.2891
462.961,6.34289
529.963,10.5419
117.102,12.0816
524.719,1.062
135.72,6.98789
324.473,8.33435
847.576,13.9919
538.299,12.4353
564.667,7.74774
540.307,8.80451
653.093,12.0981
356.912,4.3136
160.166,0.659564
662.962,1.88126
508.478,14.8745
20.0217,7.89334
272.248,15.8622
195.406,12.9816
398.782,13.321
319.563,8.90477
137.908,7.66024
334.165,11.1406
598.238,13.7207
526.183,3.18389
804.288,4.10076
493.788,10.5371
733.407,10.1956
179.087,4.51318
307.192,1.32525
797.885,0.932198
46.0115,9.15304
683.721,13.7013
825.949,4.06323
127.375,7.84565
556.004,15.1349
265.792,15.4907
455.774,13.3095
350.436,13.7326
715.717,0.755475
360.475,1.44297
668.782,9.34813
451.425,5.67465
293.173,5.88744
15.5594,9.43557
503.154,15.6142
660.657,13.9025
752.517,14.7281
847.669,1.20033
263.019,10.7933
197.995,3.98967
95.3825,1.37188
2.49796,10.0689
547.706,9.22357
238.991,0.707198
586.922,12.8431
99.3723,14.3145
587.128,9.71359
214.323,1.75385
554.076,13.5496
112.25,0.38741
354.704,12.6383
488.724,11.9491
86.2349,0.854045
748.217,11.8618
466.24,14.3318
543.248,7.07967
378.632,9.76443
418.331,10.5953
648.264,4.88157
696.427,13.9234
825.74,8.71964
369.939,13.6141
780.229,7.90889
57.3286,12.563
157.032,1.57053
627.612,1.00471
415.534,9.28016
827.672,11.4126
404.439,4.34832
31.8998,9.33071
225.012,2.55968
489.961,11.816
505.282,12.8595
345.025,3.72401
348.289,11.4961
71.5279,1.59172
386.697,6.2304
263.754,2.62761
407.974,11.4005
411.832,10.9883
656.047,14.1748
589.865,13.3924
479.718,15.9211
707.524,11.7156
474.644,4.1187
161.864,3.81805
186.3,4.80737
155.295,14.1873
692.308,1.27427
126.088,2.81341
26.2425,5.16077
459.828,10.4263
527.831,2.61307
272.476,12.4342
473.113,12.0859
651.084,15.9461
492.519,11.9614
563.517,6.11457
642.639,7.47619
138.374,7.5242
457.603,0.167893
368.301,10.645
265.434,0.398354
657.212,9.10104
255.318,4.66679
637.448,8.65434
512.341,0.319719
768.765,7.35375
458.332,9.63223
321.557,14.3227
346.897,15.3008
76.3456,3.75509
394.086,15.9507
691.889,7.74707
324.143,9.53961
60.4801,12.7586
802.805,12.2201
611.017,11.9936
292.129,10.5035
382.691,9.71499
573.782,15.349
148.195,11.9112
450.058,15.1953
81.9694,11.8539
455.287,14.9647
72.4732,4.23169
467.932,13.051
722.782,7.18447
659.249,8.37046
595.519,11.6694
609.483,11.2618
642.826,15.068
188.553,13.7897
529.554,2.84805
636.127,12.073
177.091,6.19782
155.674,12.8472
575.085,4.63185
487.383,1.34474
852.969,15.0843
557.009,4.16802
145.508,6.5153
248.261,4.31021
248.506,15.8146
94.1938,2.72983
4.6974,4.80325
209.03,11.1253
87.7666,8.23332
720.615,14.3462
138.06,1.39836
639.915,15.1173
65.4641,12.7675
595.179,4.84999
293.316,6.66586
432.379,3.44432
182.262,8.28241
251.603,7.67245
13.1744,4.72618
558.914,14.6401
771.445,15.3598
717.857,14.6906
771.937,12.0285
72.9563,1.8869
323.597,11.5236
311.675,14.6236
272.536,3.43377
94.4805,0.551885
546.183,4.78171
751.131,7.03313
320.807,4.6093
536.219,8.84073
861.329,7.59119
777.218,14.6913
838.472,6.31246
394.988,11.0478
555.773,4.96474
183.561,15.3853
341.039,11.8522
408.652,12.838
24.699,0.93711
552.515,9.61503
25.0903,9.53718
810.578,15.4019
169.501,4.15828
480.051,1.44086
431.933,10.185
312.957,4.82339
163.521,12.9381
228.296,13.3608
816.904,8.09361
578.456,2.8867
160.616,12.4065
375.62,14.6272
441.72,1.98317
108.941,1.49806
347.532,0.122176
9.54898,1.79565
742.276,3.59978
753.04,10.0675
31.9327,12.2514
764.709,3.60609
260.182,5.1207
160.149,6.01127
516.243,8.42668
213.36,10.294
608.744,2.89874
232.378,13.6769
544.792,4.06993
437.178,15.4649
15.771,0.111305
99.0417,4.66806
394.886,11.8025
739.104,13.3829
91.5043,5.70875
690.026,14.8188
166.187,6.52919
807.115,7.20805
819.707,15.6054
324.154,15.6483
830.446,12.7256
814.532,15.0825
131.914,0.452144
553.908,9.72793
447.775,15.4176
522.831,14.812
203.986,2.18779
651.845,1.85065
341.223,0.511889
491.677,10.7342
564.568,11.0912
118.588,14.0429
360.25,11.9681
413.198,0.311848
757.831,10.9718
3.26406,3.84416
404.948,2.18203
761.251,1.82798
237.813,12.0515
484.544,11.2575
700.73,14.4162
137.902,10.7313
591.076,14.4877
823.167,9.03949
529.608,1.88626
193.181,15.38
809.545,13.5066
699.501,0.459946
513.48,4.03922
431.064,8.5824
475.793,3.0398
392.585,0.0923736
748.687,2.36902
235.492,0.814375
198.274,10.4231
609.152,1.36956
515.881,15.0611
635.978,15.681
12.4309,3.96301
714.669,8.16767
540.696,0.877209
149.23,10.4219
461.514,5.9344
616.484,8.92544
64.6962,10.5103
732.776,15.4916
680.937,11.4842
117.28,2.17531
749.722,8.04827
81.9959,15.4031
124.033,13.497
104.006,9.1161
779.898,7.08066
206.703,12.1059
745.524,6.41061
147.171,10.2471
646.58,5.87823
458.531,7.55629
835.098,15.1457
673.439,3.52222
136.348,3.37314
757.808,2.96881
784.726,2.69762
220.643,15.7599
424.64,7.10694
218.192,3.46174
632.059,8.49915
583.4,1.48167
325.2,15.8894
374.448,9.93343
436.471,4.22381
232.966,2.36478
815.715,15.7791
718.906,15.0452
48.6433,13.903
786,0.12316
621.742,13.2105
34.7122,13.0608
555.651,8.45178
841.647,7.11038
656.932,1.03035
485.174,9.14654
231.019,6.17067
275.813,10.7414
128.261,15.9083
196.506,10.5147
781.957,11.3672
266.664,13.3622
67.9321,12.165
698.629,14.2615
489.685,14.7226
600.163,10.7165
375.464,7.13917
713.31,7.67381
731.906,3.1248
598.565,13.5319
799.01,15.6843
259.073,5.07323
853.208,14.1492
498.413,11.0119
511.772,6.54948
854.279,2.85866
610.757,5.38494
20.8419,10.7953
298.053,5.12963
174.94,8.30076
466.008,1.43687
75.6775,0.0154916
822.091,2.81926
24.0937,13.0962
445.908,12.9571
532.153,13.437
479.996,11.7076
556.67,14.5312
427.953,9.41452
827.37,13.0772
7.04668,4.9031
175.592,3.18049
724.326,0.0308946
400.9,8.94391
817.685,12.2749
144.851,8.08808
750.294,4.87048
713.526,8.23739
135.916,15.8961
19.3113,2.08249
41.6795,14.2028
242.905,14.7774
421.783,11.6143
818.988,5.42856
302.526,2.3193
516.009,1.49034
611.474,4.12278
52.2262,6.57578
492.336,1.41201
282.844,12.0125
73.5438,12.2978
279.806,3.19767
57.8495,10.3802
646.367,3.60528
664.176,13.3911
6.1145,5.37113
782.966,11.057
544.392,1.30666
206.627,15.4999
120.125,5.88093
699.642,7.04678
723.796,8.10725
422.168,6.29426
249.514,15.4462
252.491,2.0556
472.627,3.7166
814.747,6.66933
583.225,6.91427
425.04,0.0492985
702.937,2.42998
288.191,15.0293
213.985,9.24762
544.029,4.69396
844.587,15.498
345.046,9.99785
323.147,5.11872
688.062,9.49785
284.967,8.86751
132.223,12.5057
495.019,2.16973
166.555,12.2475
286.537,6.79479
208.936,5.94792
548.82,13.3887
775.753,13.55
193.977,1.76941
767.335,10.7012
287.303,12.2213
648.371,1.83532
94.0426,9.29601
295.316,11.7811
378.288,14.0461
851.905,4.18847
52.2717,5.09132
167.257,10.8515
692.285,6.38209
458.276,6.00136
131.638,9.21499
314.731,10.436
521.297,10.0062
709.841,10.1541
333.262,9.60683
380.415,15.2669
446.379,7.07319
400.951,2.12458
93.6992,6.84361
330.316,13.2872
400.657,14.6092
580.098,10.6973
114.478,6.95586
107.704,0.889846
233.383,11.2235
125.003,13.1959
468.519,5.12541
427.504,12.2086
328.168,12.6639
819.998,6.17302
28.2182,7.57983
399.937,6.45093
733.757,12.0858
439.234,12.5954
562.103,1.05403
561.762,3.5109
240.909,2.0898
105.186,8.2662
128.884,3.56257
434.366,1.56222
335.79,9.67898
677.713,10.112
176.068,11.6806
617.24,10.0381
20.8742,0.11179
551.921,12.1097
593.136,2.64523
168.481,1.40124
822.329,12.0919
757.424,14.2162
337.207,14.8397
727.85,4.92949
183.33,0.64371
181.925,3.23007
237.935,8.24466
735.697,12.2707
247.608,5.67995
768.272,15.0422
225.088,4.25832
134.546,2.3506
67.284,3.67769
387.68,13.9804
304.092,8.81454
755.795,9.22357
150.952,1.5388
125.417,14.9409
164.944,4.57782
180.106,8.79137
510.65,0.922992
365.691,2.31391
541.457,11.3811
399.353,4.33159
816.201,4.49387
672.917,6.82268
509.91,2.08678
510.605,15.285
724.37,13.978
639.278,1.60045
83.8614,13.4754
752.196,4.55363
526.448,5.59914
476.752,0.120848
101.163,7.12709
35.0182,14.1477
807.074,4.06023
391.169,5.37774
216.682,6.97334
636.054,12.9701
302.64,9.43749
803.813,9.81587
667.991,7.18155
91.6433,8.0315
371.318,9.67581
187.79,3.00857
669.394,0.706947
192.014,12.3846
710.39,3.87767
212.169,6.51654
620.382,2.36124
17.3487,10.1794
774.771,0.300092
374.805,9.2348
628.248,15.7401
836.072,0.779204
330.68,7.8774
553.527,11.3429
435.522,11.8454
677.234,12.8094
615.209,14.9627
297.677,14.158
418.862,9.49725
719.026,12.3788
694.648,6.03793
735.966,10.7535
265.217,3.29995
765.242,4.75166
153.571,8.17238
763.62,9.92811
843.815,9.38127
426.968,3.11124
699.389,5.66791
63.9897,15.0324
142.847,10.1023
576.285,3.86216
822.704,7.42776
596.286,15.6372
287.79,4.98965
783.836,2.3026
578.638,5.03837
401.21,5.13084
678.909,11.6698
260.301,4.25268
321.178,12.7249
260.999,2.07163
200.24,2.78208
220.264,8.79051
405.436,11.4592
790.511,12.3471
45.3265,4.52278
16.3552,6.07393
512.251,13.4231
10.4337,1.29977
522.197,14.1435
584.618,12.9196
592.471,6.61656
143.305,9.88046
130.405,4.89499
732.174,7.61758
355.841,14.4586
104.66,13.5087
731.552,5.00582
293.169,0.851071
448.668,7.14616
849.638,12.5301
791.539,9.73508
650.211,12.9156
306.893,6.67708
570.578,10.3174
776.97,11.5708
345.473,7.96357
345.73,14.4599
546.483,3.70106
739.615,9.27917
143.946,2.23112
451.729,3.0409
269.342,2.02938
135.889,8.92236
352.905,5.89326
737.5,5.30083
204.994,13.6794
829.935,10.5242
476.287,11.8133
216.094,11.3777
682.464,8.97277
703.993,14.3354
442.725,5.41622
630.086,0.98575
42.4499,6.42122
190.232,7.7596
816.246,2.29263
251.435,15.7432
206.594,9.15466
625.034,15.6323
138.824,0.474635
207.723,1.5921
23.2757,13.2241
161.314,1.76626
365.973,4.10182
709.398,4.63083
282.286,8
648.465,0.69988
14.1549,13.2116
202.381,6.51092
458.037,4.28146
288.194,2.80629
635.068,1.28878
819.484,11.6729
422.135,7.90804
263.111,4.06124
604.572,8.17018
604.058,9.19378
801.091,4.13748
819.658,3.89852
573.344,11.4496
633.114,11.1306
606.524,3.15101
159.238,7.21829
581.694,8.28307
580.192,1.96735
417.332,7.98118
408.628,9.77856
793.479,2.4824
154.877,15.0286
549.883,8.81597
808.31,1.74336
707.393,10.0887
417.234,13.7352
680.377,8.50389
715.439,6.3391
49.5951,11.7381
57.1983,15.0772
577.373,5.90482
588.74,14.1307
642.118,14.8261
529.102,9.89275
119.283,7.79249
480.261,12.7994
296.468,6.65329
313.713,7.20651
353.863,3.56677
710.58,7.98508
776.28,8.61955
803.186,14.4406
742.373,10.5386
336.26,10.7682
244.83,2.0455
769.42,14.5454
304.045,2.05741
532.691,2.14639
241.781,1.91543
651.213,0.284968
17.6179,14.4296
781.695,0.458184
610.106,12.8395
270.603,4.122
718.447,4.21641
275.459,14.9483
10.6482,2.87018
416.382,13.6578
57.1818,7.57136
541.192,12.2654
599.708,14.5837
772.559,7.31907
121.777,0.0671264
639.366,12.5762
245.887,8.02722
721.189,15.7683
565.578,1.14814
677.186,4.87735
119.924,1.21632
417.47,14.8281
534.214,4.07902
367.511,4.22891
86.1494,11.6111
87.7896,10.1447
349.806,15.9172
579.057,10.7807
131.895,2.5601
629.621,15.2327
766.737,2.69486
482.952,12.4855
674.007,8.26518
439.767,7.30582
235.926,9.16768
42.1094,7.69351
348.528,9.17971
689.209,7.14047
841.818,13.9864
194.573,5.66275
248.528,12.2333
794.331,2.02337
739.344,6.71668
287.521,10.1281
103.093,2.75275
800.072,4.64593
421.322,3.52569
615.235,10.7731
192.848,7.03905
641.47,6.77131
470.29,1.28711
715.194,12.1909
192.874,8.25625
78.0285,2.25815
118.741,1.98164
652.534,3.90157
800.356,2.2288
513.695,5.11188
176.666,5.4658
188.803,11.6277
378.309,3.35281
616.439,4.00588
579.252,2.30987
596.697,7.31694
537.678,0.0379482
358.941,11.4478
373.164,4.93079
838.606,9.6122
59.0459,15.1949
467.54,11.5878
469.256,12.4399
297.094,15.9893
723.772,7.07658
703.814,12.905
629.539,3.47888
521.641,7.67624
437.219,8.01167
604.558,2.52988
435.652,9.13978
692.66,8.44696
656.982,6.53796
290.41,10.5556
93.5883,15.7524
255.63,15.6839
145.584,15.7113
465.757,15.237
78.2565,15.3576
562.302,4.83212
848.016,2.59492
668.44,0.0497795
307.556,3.72322
162.846,13.2976
691.799,15.7471
324.58,12.4292
593.269,11.9292
119.767,13.7061
334.351,1.34254
446.946,4.5303
576.739,10.8238
156.475,4.85694
335.338,1.41725
416.236,5.97155
200.597,10.5226
760.915,12.2143
746.992,7.50579
223.817,9.90007
177.752,2.86191
342.66,10.8218
479.359,3.81642
626.624,7.38374
179.722,1.02153
115.019,14.3448
795.285,5.9198
62.7867,9.19552
569.304,4.31952
354.488,4.4123
536.166,15.9704
295.487,15.2973
625.013,1.70688
542.761,10.6667
487.035,11.2681
32.2564,7.46445
808.972,4.92505
455.076,3.85141
135.594,14.1957
281.33,5.72119
354.384,1.72185
278.464,11.9154
609.56,8.6242
106.239,14.6215
787.98,13.5876
498.197,9.6197
634.257,13.6328
498.008,8.22812
609.178,6.52967
563.343,11.2565
644.158,14.4838
453.098,15.8644
505.423,4.03778
444.338,12.5323
508.619,3.02245
721.915,14.2279
621.855,6.07743
598.49,2.39763
406.188,0.777538
596.965,5.24711
493.347,13.2087
655.876,8.42556
105.921,11.8568
777.36,4.80505
8.52636,9.77633
32.2511,15.9177
788.957,1.3591
75.4706,6.4926
24.0937,5.58908
837.289,8.17844
331.224,0.479236
804.312,6.31196
66.9857,6.65671
95.5684,6.11911
97.9436,6.76725
28.6328,13.8996
53.5372,15.1866
96.6263,15.6645
67.6363,14.9095
80.3602,4.82508
51.0813,12.7905
68.4251,14.3426
57.7267,11.8739
59.2434,4.82259
63.8099,7.90997
79.3176,9.85035
77.1835,10.1676
39.4508,14.6051
52.0365,2.45299
64.6749,5.85903
52.3264,3.11045
79.2853,11.3724
23.6943,14.1534
57.5274,4.47819
44.8432,0.0524828
44.141,9.04378
22.5733,13.8579
33.1234,5.90721
33.389,4.0216
36.2461,15.8381
23.8659,4.47744
22.6939,4.8014
18.9008,15.6819
30.8142,11.1127
22.3647,0.392776
23.2714,11.3223
10.1973,4.66577
856.911,12.0039
7.11047,2.75281
860.406,7.33293
862.065,0.696006
5.80684,13.7886
1.29601,6.84795
7.8306,9.47985
7.35542,12.6769
1.50263,9.62391
858.411,9.04217
6.60806,4.35526
857.635,0.28296
860.092,8.64624
861.936,9.42855
857.958,12.2298
7.60147,10.6172
860.999,1.53906
857.195,9.91876
856.524,7.99531
4.13748,0.558056
